alpha,w_source,arm,species_no,seed,model,rho,auc,rho_ceiling_patch,auc_ceiling_labelnoise,cnn_inits_unlearned,cnn_inits_total
0.0,random field,extrap,0,42,RF-centre,0.6303561851083035,0.7285333333333334,,0.7895555555555556,,
0.0,random field,extrap,1,55838,RF-centre,0.7562564028489206,0.8281333333333333,,0.9089333333333333,,
0.0,random field,extrap,2,63757,RF-centre,0.7896656629518105,0.8639555555555556,,0.9623111111111111,,
0.0,random field,extrap,3,71676,RF-centre,0.6427453638373759,0.620311111111111,,0.7348,,
0.0,random field,extrap,4,79595,RF-centre,0.8664099452671689,0.8701555555555556,,0.9308444444444445,,
0.0,random field,extrap,5,87514,RF-centre,0.6504436715963511,0.5975111111111111,,0.6444444444444444,,
0.0,random field,extrap,6,95433,RF-centre,0.8613175701952244,0.8945333333333334,,0.9352444444444444,,
0.0,random field,extrap,7,103352,RF-centre,0.5755037278191979,0.7192888888888889,,0.8261333333333334,,
0.0,random field,extrap,0,42,RF-patch,0.6168877431971466,0.7292,,0.7895555555555556,,
0.0,random field,extrap,1,55838,RF-patch,0.7552790586562071,0.8262666666666666,,0.9089333333333333,,
0.0,random field,extrap,2,63757,RF-patch,0.7914216824631385,0.8647111111111111,,0.9623111111111111,,
0.0,random field,extrap,3,71676,RF-patch,0.6511659018433538,0.6276444444444444,,0.7348,,
0.0,random field,extrap,4,79595,RF-patch,0.8634535939288214,0.8725333333333334,,0.9308444444444445,,
0.0,random field,extrap,5,87514,RF-patch,0.646672074134157,0.5938666666666668,,0.6444444444444444,,
0.0,random field,extrap,6,95433,RF-patch,0.8552095023278036,0.8895111111111111,,0.9352444444444444,,
0.0,random field,extrap,7,103352,RF-patch,0.5623453593928821,0.7052,,0.8261333333333334,,
0.0,random field,extrap,0,42,RF-oracle,0.6164695163279592,0.7183555555555556,,0.7895555555555556,,
0.0,random field,extrap,1,55838,RF-oracle,0.7575448616095735,0.8163555555555555,,0.9089333333333333,,
0.0,random field,extrap,2,63757,RF-oracle,0.7990653229480327,0.8667111111111112,,0.9623111111111111,,
0.0,random field,extrap,3,71676,RF-oracle,0.6503067811864576,0.6212000000000001,,0.7348,,
0.0,random field,extrap,4,79595,RF-oracle,0.8620509116767964,0.8704,,0.9308444444444445,,
0.0,random field,extrap,5,87514,RF-oracle,0.6411711241236013,0.5942666666666667,,0.6444444444444444,,
0.0,random field,extrap,6,95433,RF-oracle,0.8559917332414804,0.8921777777777776,,0.9352444444444444,,
0.0,random field,extrap,7,103352,RF-oracle,0.5595497727752531,0.7026666666666667,,0.8261333333333334,,
0.0,random field,extrap,0,42,CNN-Ensemble,0.16374981944243822,0.5790666666666666,,0.7895555555555556,1.0,3.0
0.0,random field,extrap,1,55838,CNN-Ensemble,0.42795364392937696,0.6569777777777779,,0.9089333333333333,0.0,3.0
0.0,random field,extrap,2,63757,CNN-Ensemble,0.3612604584495383,0.6448,,0.9623111111111111,0.0,3.0
0.0,random field,extrap,3,71676,CNN-Ensemble,0.4046444960499561,0.6484000000000001,,0.7348,0.0,3.0
0.0,random field,extrap,4,79595,CNN-Ensemble,0.4116614629051433,0.6429333333333334,,0.9308444444444445,0.0,3.0
0.0,random field,extrap,5,87514,CNN-Ensemble,0.43347814975721943,0.5604,,0.6444444444444444,1.0,3.0
0.0,random field,extrap,6,95433,CNN-Ensemble,0.4722843587150968,0.6510222222222223,,0.9352444444444444,0.0,3.0
0.0,random field,extrap,7,103352,CNN-Ensemble,0.23485460949566106,0.5705777777777779,,0.8261333333333334,0.0,3.0
0.25,random field,extrap,0,42,RF-centre,0.3457131745908288,0.663688888888889,0.9229075038674855,0.8629777777777778,,
0.25,random field,extrap,1,55838,RF-centre,0.7453193924376939,0.8015555555555556,0.9302866630558941,0.9220444444444444,,
0.25,random field,extrap,2,63757,RF-centre,0.8004017822420249,0.8672888888888889,0.9437460710350027,0.9668444444444445,,
0.25,random field,extrap,3,71676,RF-centre,0.4335777064189602,0.5870666666666666,0.9208433863311853,0.8278222222222221,,
0.25,random field,extrap,4,79595,RF-centre,0.857829975888621,0.9120888888888888,0.932609099586581,0.9488444444444445,,
0.25,random field,extrap,5,87514,RF-centre,0.5803477816420183,0.5707555555555556,0.9195156635772601,0.6713333333333334,,
0.25,random field,extrap,6,95433,RF-centre,0.7898735324986401,0.8376444444444444,0.9039302222779999,0.9363555555555556,,
0.25,random field,extrap,7,103352,RF-centre,0.5804944499383327,0.6829333333333334,0.9324236360737569,0.8277777777777777,,
0.25,random field,extrap,0,42,RF-patch,0.33253036144846054,0.6498666666666667,0.9229075038674855,0.8629777777777778,,
0.25,random field,extrap,1,55838,RF-patch,0.7397366637407081,0.7907111111111111,0.9302866630558941,0.9220444444444444,,
0.25,random field,extrap,2,63757,RF-patch,0.7807748974988611,0.8688888888888888,0.9437460710350027,0.9668444444444445,,
0.25,random field,extrap,3,71676,RF-patch,0.4453965044056045,0.5977333333333332,0.9208433863311853,0.8278222222222221,,
0.25,random field,extrap,4,79595,RF-patch,0.862649140546006,0.9134222222222222,0.932609099586581,0.9488444444444445,,
0.25,random field,extrap,5,87514,RF-patch,0.584740719341326,0.5744444444444444,0.9195156635772601,0.6713333333333334,,
0.25,random field,extrap,6,95433,RF-patch,0.7933740310063723,0.8437777777777777,0.9039302222779999,0.9363555555555556,,
0.25,random field,extrap,7,103352,RF-patch,0.5542470471894132,0.676711111111111,0.9324236360737569,0.8277777777777777,,
0.25,random field,extrap,0,42,RF-oracle,0.7480656451738352,0.7832,0.9229075038674855,0.8629777777777778,,
0.25,random field,extrap,1,55838,RF-oracle,0.7935817064634052,0.808711111111111,0.9302866630558941,0.9220444444444444,,
0.25,random field,extrap,2,63757,RF-oracle,0.877489305436727,0.9117777777777778,0.9437460710350027,0.9668444444444445,,
0.25,random field,extrap,3,71676,RF-oracle,0.7569808553428371,0.7585333333333333,0.9208433863311853,0.8278222222222221,,
0.25,random field,extrap,4,79595,RF-oracle,0.8714852387248747,0.9178666666666667,0.932609099586581,0.9488444444444445,,
0.25,random field,extrap,5,87514,RF-oracle,0.6363106256736186,0.5830222222222222,0.9195156635772601,0.6713333333333334,,
0.25,random field,extrap,6,95433,RF-oracle,0.8648909012658544,0.8863555555555556,0.9039302222779999,0.9363555555555556,,
0.25,random field,extrap,7,103352,RF-oracle,0.7055829509216769,0.7411555555555556,0.9324236360737569,0.8277777777777777,,
0.25,random field,extrap,0,42,CNN-Ensemble,0.09609084545383836,0.4761777777777777,0.9229075038674855,0.8629777777777778,0.0,3.0
0.25,random field,extrap,1,55838,CNN-Ensemble,0.4674074156379515,0.6948444444444444,0.9302866630558941,0.9220444444444444,0.0,3.0
0.25,random field,extrap,2,63757,CNN-Ensemble,0.4262625140279336,0.7095111111111111,0.9437460710350027,0.9668444444444445,0.0,3.0
0.25,random field,extrap,3,71676,CNN-Ensemble,0.510085667618529,0.6553333333333333,0.9208433863311853,0.8278222222222221,0.0,3.0
0.25,random field,extrap,4,79595,CNN-Ensemble,0.5339039915892422,0.7330444444444445,0.932609099586581,0.9488444444444445,0.0,3.0
0.25,random field,extrap,5,87514,CNN-Ensemble,0.39039855998399986,0.5442666666666667,0.9195156635772601,0.6713333333333334,0.0,3.0
0.25,random field,extrap,6,95433,CNN-Ensemble,0.43250702785586503,0.6786222222222222,0.9039302222779999,0.9363555555555556,0.0,3.0
0.25,random field,extrap,7,103352,CNN-Ensemble,-0.06829631440349337,0.49955555555555553,0.9324236360737569,0.8277777777777777,2.0,3.0
0.5,random field,extrap,0,42,RF-centre,0.22514027933643707,0.6106666666666667,0.9085103974241797,0.9072444444444444,,
0.5,random field,extrap,1,55838,RF-centre,0.7457340637118189,0.8198222222222222,0.9339937415951051,0.9120444444444444,,
0.5,random field,extrap,2,63757,RF-centre,0.6257816197957755,0.7876444444444445,0.9600213845051722,0.959288888888889,,
0.5,random field,extrap,3,71676,RF-centre,0.3117265747397193,0.5829333333333333,0.9330228980433414,0.8892444444444444,,
0.5,random field,extrap,4,79595,RF-centre,0.8200451116123512,0.8824,0.9464687931476952,0.9322666666666667,,
0.5,random field,extrap,5,87514,RF-centre,0.5257062856253958,0.6462666666666667,0.9381264238644433,0.7404444444444445,,
0.5,random field,extrap,6,95433,RF-centre,0.6633867780071795,0.7876444444444444,0.9384168327882021,0.9350666666666666,,
0.5,random field,extrap,7,103352,RF-centre,0.246458738430427,0.5992444444444444,0.9230580903757452,0.8441333333333333,,
0.5,random field,extrap,0,42,RF-patch,0.24194491049900552,0.6289333333333333,0.9085103974241797,0.9072444444444444,,
0.5,random field,extrap,1,55838,RF-patch,0.7446638295981066,0.8175555555555556,0.9339937415951051,0.9120444444444444,,
0.5,random field,extrap,2,63757,RF-patch,0.6407426749186101,0.8027555555555556,0.9600213845051722,0.959288888888889,,
0.5,random field,extrap,3,71676,RF-patch,0.3017126856965077,0.5857777777777777,0.9330228980433414,0.8892444444444444,,
0.5,random field,extrap,4,79595,RF-patch,0.8125690285447617,0.8794222222222222,0.9464687931476952,0.9322666666666667,,
0.5,random field,extrap,5,87514,RF-patch,0.5463660707341192,0.6542666666666668,0.9381264238644433,0.7404444444444445,,
0.5,random field,extrap,6,95433,RF-patch,0.6616091289903221,0.7823555555555556,0.9384168327882021,0.9350666666666666,,
0.5,random field,extrap,7,103352,RF-patch,0.24643562706252292,0.5986222222222222,0.9230580903757452,0.8441333333333333,,
0.5,random field,extrap,0,42,RF-oracle,0.8493836598184424,0.8852444444444445,0.9085103974241797,0.9072444444444444,,
0.5,random field,extrap,1,55838,RF-oracle,0.831300347781642,0.8584444444444445,0.9339937415951051,0.9120444444444444,,
0.5,random field,extrap,2,63757,RF-oracle,0.8628282536472626,0.9017333333333334,0.9600213845051722,0.959288888888889,,
0.5,random field,extrap,3,71676,RF-oracle,0.8864618495761064,0.8653333333333334,0.9330228980433414,0.8892444444444444,,
0.5,random field,extrap,4,79595,RF-oracle,0.8683736485960954,0.9083555555555556,0.9464687931476952,0.9322666666666667,,
0.5,random field,extrap,5,87514,RF-oracle,0.6480369781886465,0.6204000000000001,0.9381264238644433,0.7404444444444445,,
0.5,random field,extrap,6,95433,RF-oracle,0.8277167524083601,0.8662222222222222,0.9384168327882021,0.9350666666666666,,
0.5,random field,extrap,7,103352,RF-oracle,0.746116290181002,0.7369777777777777,0.9230580903757452,0.8441333333333333,,
0.5,random field,extrap,0,42,CNN-Ensemble,0.5998159979555329,0.7627111111111111,0.9085103974241797,0.9072444444444444,0.0,3.0
0.5,random field,extrap,1,55838,CNN-Ensemble,0.4766079623106923,0.7045777777777777,0.9339937415951051,0.9120444444444444,0.0,3.0
0.5,random field,extrap,2,63757,CNN-Ensemble,0.6176744186046511,0.7990222222222222,0.9600213845051722,0.959288888888889,0.0,3.0
0.5,random field,extrap,3,71676,CNN-Ensemble,0.6398977766419627,0.7457777777777777,0.9330228980433414,0.8892444444444444,0.0,3.0
0.5,random field,extrap,4,79595,CNN-Ensemble,0.5570284114267937,0.7631111111111111,0.9464687931476952,0.9322666666666667,0.0,3.0
0.5,random field,extrap,5,87514,CNN-Ensemble,0.39528972544139374,0.5698222222222222,0.9381264238644433,0.7404444444444445,0.0,3.0
0.5,random field,extrap,6,95433,CNN-Ensemble,0.49576061956243955,0.7086222222222223,0.9384168327882021,0.9350666666666666,0.0,3.0
0.5,random field,extrap,7,103352,CNN-Ensemble,0.04685429838109312,0.5084,0.9230580903757452,0.8441333333333333,0.0,3.0
0.75,random field,extrap,0,42,RF-centre,0.0591624351381682,0.49644444444444435,0.9177482786755161,0.9148444444444445,,
0.75,random field,extrap,1,55838,RF-centre,0.5736108178979766,0.7524444444444445,0.9142741710770209,0.9226666666666666,,
0.75,random field,extrap,2,63757,RF-centre,0.42342426026955854,0.7004,0.961511684048509,0.9530222222222222,,
0.75,random field,extrap,3,71676,RF-centre,0.19930265891843243,0.5858222222222221,0.9102370799884101,0.9055111111111112,,
0.75,random field,extrap,4,79595,RF-centre,0.6377328636984856,0.7570222222222223,0.938067590997155,0.9167111111111111,,
0.75,random field,extrap,5,87514,RF-centre,0.3841891576573072,0.6549333333333334,0.9347288672546896,0.7784,,
0.75,random field,extrap,6,95433,RF-centre,0.45439927110301226,0.6862222222222222,0.9119511496660355,0.9298666666666666,,
0.75,random field,extrap,7,103352,RF-centre,0.16924010266780742,0.5528888888888889,0.9354900436817378,0.8608,,
0.75,random field,extrap,0,42,RF-patch,0.13164368492983253,0.5212,0.9177482786755161,0.9148444444444445,,
0.75,random field,extrap,1,55838,RF-patch,0.5860576228624762,0.7580888888888889,0.9142741710770209,0.9226666666666666,,
0.75,random field,extrap,2,63757,RF-patch,0.447483194257714,0.6983111111111111,0.961511684048509,0.9530222222222222,,
0.75,random field,extrap,3,71676,RF-patch,0.1894052156135068,0.5510666666666667,0.9102370799884101,0.9055111111111112,,
0.75,random field,extrap,4,79595,RF-patch,0.6437573750819453,0.7570666666666667,0.938067590997155,0.9167111111111111,,
0.75,random field,extrap,5,87514,RF-patch,0.3921816909076768,0.6653777777777778,0.9347288672546896,0.7784,,
0.75,random field,extrap,6,95433,RF-patch,0.41786330959232876,0.6712888888888888,0.9119511496660355,0.9298666666666666,,
0.75,random field,extrap,7,103352,RF-patch,0.21718063534039267,0.5782222222222222,0.9354900436817378,0.8608,,
0.75,random field,extrap,0,42,RF-oracle,0.8982890921010233,0.8854666666666666,0.9177482786755161,0.9148444444444445,,
0.75,random field,extrap,1,55838,RF-oracle,0.836061289569884,0.8702222222222222,0.9142741710770209,0.9226666666666666,,
0.75,random field,extrap,2,63757,RF-oracle,0.8836747074967499,0.8976888888888889,0.961511684048509,0.9530222222222222,,
0.75,random field,extrap,3,71676,RF-oracle,0.8964441827131412,0.863688888888889,0.9102370799884101,0.9055111111111112,,
0.75,random field,extrap,4,79595,RF-oracle,0.857531305903399,0.8656444444444444,0.938067590997155,0.9167111111111111,,
0.75,random field,extrap,5,87514,RF-oracle,0.6432964810720119,0.7023111111111111,0.9347288672546896,0.7784,,
0.75,random field,extrap,6,95433,RF-oracle,0.8120810231224792,0.8732444444444445,0.9119511496660355,0.9298666666666666,,
0.75,random field,extrap,7,103352,RF-oracle,0.8654478383093145,0.8290666666666666,0.9354900436817378,0.8608,,
0.75,random field,extrap,0,42,CNN-Ensemble,0.5701610017889087,0.7565333333333333,0.9177482786755161,0.9148444444444445,0.0,3.0
0.75,random field,extrap,1,55838,CNN-Ensemble,0.5575155279503105,0.7421333333333333,0.9142741710770209,0.9226666666666666,0.0,3.0
0.75,random field,extrap,2,63757,CNN-Ensemble,0.6648544983833153,0.7712888888888889,0.961511684048509,0.9530222222222222,0.0,3.0
0.75,random field,extrap,3,71676,CNN-Ensemble,0.6418169090767675,0.7789777777777778,0.9102370799884101,0.9055111111111112,1.0,3.0
0.75,random field,extrap,4,79595,CNN-Ensemble,0.47217280192002126,0.6974222222222223,0.938067590997155,0.9167111111111111,0.0,3.0
0.75,random field,extrap,5,87514,CNN-Ensemble,0.3583182035355948,0.5732444444444444,0.9347288672546896,0.7784,1.0,3.0
0.75,random field,extrap,6,95433,CNN-Ensemble,0.46215269058545094,0.6882666666666667,0.9119511496660355,0.9298666666666666,1.0,3.0
0.75,random field,extrap,7,103352,CNN-Ensemble,0.15127101412237912,0.5332444444444444,0.9354900436817378,0.8608,3.0,3.0
1.0,random field,extrap,0,42,RF-centre,-0.013281706081558141,0.4597333333333333,0.918194012648379,0.929711111111111,,
1.0,random field,extrap,1,55838,RF-centre,-0.03329815145703322,0.47480000000000006,0.9191553270998071,0.9206666666666667,,
1.0,random field,extrap,2,63757,RF-centre,-0.12682007577861976,0.4588444444444445,0.9529384365330817,0.9452,,
1.0,random field,extrap,3,71676,RF-centre,0.06618408341961372,0.5171555555555556,0.9165517236187902,0.9473777777777779,,
1.0,random field,extrap,4,79595,RF-centre,-0.015204168935210392,0.48435555555555565,0.9138382648935138,0.8241333333333333,,
1.0,random field,extrap,5,87514,RF-centre,-0.03870887454305047,0.4915111111111111,0.9377097076726321,0.8073777777777777,,
1.0,random field,extrap,6,95433,RF-centre,-0.01602195579950888,0.531511111111111,0.9052383020657077,0.9096444444444445,,
1.0,random field,extrap,7,103352,RF-centre,-0.012764587691484171,0.46995555555555557,0.9541487620104161,0.8632888888888889,,
1.0,random field,extrap,0,42,RF-patch,0.0024395832041652628,0.45417777777777774,0.918194012648379,0.929711111111111,,
1.0,random field,extrap,1,55838,RF-patch,-0.029188772007330485,0.4667111111111111,0.9191553270998071,0.9206666666666667,,
1.0,random field,extrap,2,63757,RF-patch,-0.08414804608940099,0.4923111111111111,0.9529384365330817,0.9452,,
1.0,random field,extrap,3,71676,RF-patch,-0.005919400419871571,0.46066666666666667,0.9165517236187902,0.9473777777777779,,
1.0,random field,extrap,4,79595,RF-patch,0.013914376826409182,0.5257333333333334,0.9138382648935138,0.8241333333333333,,
1.0,random field,extrap,5,87514,RF-patch,0.1128163646262736,0.5218222222222223,0.9377097076726321,0.8073777777777777,,
1.0,random field,extrap,6,95433,RF-patch,-0.024071823020255782,0.5202666666666667,0.9052383020657077,0.9096444444444445,,
1.0,random field,extrap,7,103352,RF-patch,0.10591385525548742,0.5340888888888888,0.9541487620104161,0.8632888888888889,,
1.0,random field,extrap,0,42,RF-oracle,0.8857867755219256,0.9079111111111111,0.918194012648379,0.929711111111111,,
1.0,random field,extrap,1,55838,RF-oracle,0.9013581152410766,0.8916444444444445,0.9191553270998071,0.9206666666666667,,
1.0,random field,extrap,2,63757,RF-oracle,0.9085620951343903,0.9301333333333334,0.9529384365330817,0.9452,,
1.0,random field,extrap,3,71676,RF-oracle,0.8979749434910255,0.9222222222222223,0.9165517236187902,0.9473777777777779,,
1.0,random field,extrap,4,79595,RF-oracle,0.838077311970133,0.7861777777777778,0.9138382648935138,0.8241333333333333,,
1.0,random field,extrap,5,87514,RF-oracle,0.8823298036644852,0.7612888888888889,0.9377097076726321,0.8073777777777777,,
1.0,random field,extrap,6,95433,RF-oracle,0.8975686396515516,0.8921333333333334,0.9052383020657077,0.9096444444444445,,
1.0,random field,extrap,7,103352,RF-oracle,0.8859226086870584,0.8453777777777778,0.9541487620104161,0.8632888888888889,,
1.0,random field,extrap,0,42,CNN-Ensemble,0.6710411606887265,0.7787555555555555,0.918194012648379,0.929711111111111,1.0,3.0
1.0,random field,extrap,1,55838,CNN-Ensemble,0.4025162949050897,0.644711111111111,0.9191553270998071,0.9206666666666667,2.0,3.0
1.0,random field,extrap,2,63757,CNN-Ensemble,0.813262814031267,0.8710666666666667,0.9529384365330817,0.9452,0.0,3.0
1.0,random field,extrap,3,71676,CNN-Ensemble,0.2961664676644186,0.6574222222222222,0.9165517236187902,0.9473777777777779,2.0,3.0
1.0,random field,extrap,4,79595,CNN-Ensemble,-0.05055522839142657,0.4358222222222222,0.9138382648935138,0.8241333333333333,3.0,3.0
1.0,random field,extrap,5,87514,CNN-Ensemble,0.5538754875054167,0.6827555555555556,0.9377097076726321,0.8073777777777777,1.0,3.0
1.0,random field,extrap,6,95433,CNN-Ensemble,0.5140532672585251,0.7193777777777777,0.9052383020657077,0.9096444444444445,0.0,3.0
1.0,random field,extrap,7,103352,CNN-Ensemble,0.09267949481205232,0.5272888888888889,0.9541487620104161,0.8632888888888889,1.0,3.0
0.0,random field,random,0,42,RF-centre,0.9041442682696473,0.8159555555555555,,0.8331999999999999,,
0.0,random field,random,1,55838,RF-centre,0.9293823771401463,0.937288888888889,,0.9519111111111113,,
0.0,random field,random,2,63757,RF-centre,0.9189438501352247,0.9286222222222222,,0.9587555555555555,,
0.0,random field,random,3,71676,RF-centre,0.9322205504147837,0.9194222222222221,,0.9390222222222222,,
0.0,random field,random,4,79595,RF-centre,0.9005304503383371,0.9082222222222223,,0.9395111111111111,,
0.0,random field,random,5,87514,RF-centre,0.9146421626906965,0.9436000000000001,,0.9505333333333332,,
0.0,random field,random,6,95433,RF-centre,0.8869710648975115,0.9312444444444444,,0.9675555555555556,,
0.0,random field,random,7,103352,RF-centre,0.8663265147390528,0.8567111111111112,,0.9189777777777779,,
0.0,random field,random,0,42,RF-patch,0.8986086512072357,0.8111111111111111,,0.8331999999999999,,
0.0,random field,random,1,55838,RF-patch,0.9246960280823874,0.9378666666666666,,0.9519111111111113,,
0.0,random field,random,2,63757,RF-patch,0.9158013884378091,0.9275111111111111,,0.9587555555555555,,
0.0,random field,random,3,71676,RF-patch,0.9289209259236455,0.9201333333333334,,0.9390222222222222,,
0.0,random field,random,4,79595,RF-patch,0.8945463838487093,0.9072444444444445,,0.9395111111111111,,
0.0,random field,random,5,87514,RF-patch,0.9096661074011932,0.9414222222222223,,0.9505333333333332,,
0.0,random field,random,6,95433,RF-patch,0.8858716207957866,0.9308888888888889,,0.9675555555555556,,
0.0,random field,random,7,103352,RF-patch,0.8622695807731197,0.8550666666666666,,0.9189777777777779,,
0.0,random field,random,0,42,RF-oracle,0.899478883098701,0.8070666666666666,,0.8331999999999999,,
0.0,random field,random,1,55838,RF-oracle,0.923965292909706,0.9373777777777779,,0.9519111111111113,,
0.0,random field,random,2,63757,RF-oracle,0.913230248472794,0.9277333333333333,,0.9587555555555555,,
0.0,random field,random,3,71676,RF-oracle,0.9256479801425509,0.9215111111111111,,0.9390222222222222,,
0.0,random field,random,4,79595,RF-oracle,0.8921965799619995,0.9071555555555555,,0.9395111111111111,,
0.0,random field,random,5,87514,RF-oracle,0.910463894043267,0.9412444444444444,,0.9505333333333332,,
0.0,random field,random,6,95433,RF-oracle,0.8854058378426426,0.9314222222222222,,0.9675555555555556,,
0.0,random field,random,7,103352,RF-oracle,0.8573419704663385,0.8507555555555556,,0.9189777777777779,,
0.0,random field,random,0,42,CNN-Ensemble,0.7444060489560995,0.7614666666666667,,0.8331999999999999,0.0,3.0
0.0,random field,random,1,55838,CNN-Ensemble,0.7793695485505394,0.8720888888888888,,0.9519111111111113,0.0,3.0
0.0,random field,random,2,63757,CNN-Ensemble,0.7083238702652251,0.8372444444444446,,0.9587555555555555,0.0,3.0
0.0,random field,random,3,71676,CNN-Ensemble,0.7756810631229235,0.85,,0.9390222222222222,0.0,3.0
0.0,random field,random,4,79595,CNN-Ensemble,0.7155323948043867,0.8148444444444445,,0.9395111111111111,0.0,3.0
0.0,random field,random,5,87514,CNN-Ensemble,0.7793131034789275,0.8564444444444445,,0.9505333333333332,0.0,3.0
0.0,random field,random,6,95433,CNN-Ensemble,0.5659329548106089,0.7889333333333334,,0.9675555555555556,0.0,3.0
0.0,random field,random,7,103352,CNN-Ensemble,0.6617882420915787,0.8039999999999999,,0.9189777777777779,0.0,3.0
0.25,random field,random,0,42,RF-centre,0.565901843353815,0.7202222222222223,0.9322460886489338,0.8768,,
0.25,random field,random,1,55838,RF-centre,0.9192773253036145,0.9392444444444444,0.9491293203022271,0.9576888888888889,,
0.25,random field,random,2,63757,RF-centre,0.8254032628588438,0.874,0.9625338028390105,0.9453333333333334,,
0.25,random field,random,3,71676,RF-centre,0.7707227858087312,0.8362222222222222,0.9496444956109915,0.9261333333333334,,
0.25,random field,random,4,79595,RF-centre,0.9030833675929731,0.9136,0.9390401303740562,0.935911111111111,,
0.25,random field,random,5,87514,RF-centre,0.896884509481723,0.9152888888888889,0.9268492101025502,0.9645777777777776,,
0.25,random field,random,6,95433,RF-centre,0.8612966194276874,0.9091555555555556,0.9202148762464548,0.9635111111111111,,
0.25,random field,random,7,103352,RF-centre,0.810096556628407,0.8472444444444445,0.9062060920854963,0.9199999999999999,,
0.25,random field,random,0,42,RF-patch,0.5636507072300803,0.7233333333333334,0.9322460886489338,0.8768,,
0.25,random field,random,1,55838,RF-patch,0.9179670885232057,0.9415111111111111,0.9491293203022271,0.9576888888888889,,
0.25,random field,random,2,63757,RF-patch,0.8196657849898402,0.8752,0.9625338028390105,0.9453333333333334,,
0.25,random field,random,3,71676,RF-patch,0.7702970888895578,0.8395555555555556,0.9496444956109915,0.9261333333333334,,
0.25,random field,random,4,79595,RF-patch,0.8987779864220714,0.9128888888888889,0.9390401303740562,0.935911111111111,,
0.25,random field,random,5,87514,RF-patch,0.8911396793297702,0.9129333333333334,0.9268492101025502,0.9645777777777776,,
0.25,random field,random,6,95433,RF-patch,0.8575725763943008,0.9104,0.9202148762464548,0.9635111111111111,,
0.25,random field,random,7,103352,RF-patch,0.800550672785253,0.8499555555555556,0.9062060920854963,0.9199999999999999,,
0.25,random field,random,0,42,RF-oracle,0.8511739019322436,0.8330666666666667,0.9322460886489338,0.8768,,
0.25,random field,random,1,55838,RF-oracle,0.9232809253436148,0.9417777777777778,0.9491293203022271,0.9576888888888889,,
0.25,random field,random,2,63757,RF-oracle,0.876380793733703,0.9018666666666667,0.9625338028390105,0.9453333333333334,,
0.25,random field,random,3,71676,RF-oracle,0.8985850953899487,0.8917777777777778,0.9496444956109915,0.9261333333333334,,
0.25,random field,random,4,79595,RF-oracle,0.8981370904121156,0.9118222222222222,0.9390401303740562,0.935911111111111,,
0.25,random field,random,5,87514,RF-oracle,0.8929109093335436,0.9081333333333333,0.9268492101025502,0.9645777777777776,,
0.25,random field,random,6,95433,RF-oracle,0.8922436437044154,0.9315111111111112,0.9202148762464548,0.9635111111111111,,
0.25,random field,random,7,103352,RF-oracle,0.8353386148734986,0.8745777777777778,0.9062060920854963,0.9199999999999999,,
0.25,random field,random,0,42,CNN-Ensemble,0.6189397659974,0.7316888888888889,0.9322460886489338,0.8768,0.0,3.0
0.25,random field,random,1,55838,CNN-Ensemble,0.7613413482372026,0.8768444444444444,0.9491293203022271,0.9576888888888889,0.0,3.0
0.25,random field,random,2,63757,CNN-Ensemble,0.5113541261569573,0.748311111111111,0.9625338028390105,0.9453333333333334,0.0,3.0
0.25,random field,random,3,71676,CNN-Ensemble,0.811505016722408,0.8382222222222223,0.9496444956109915,0.9261333333333334,0.0,3.0
0.25,random field,random,4,79595,CNN-Ensemble,0.7530977010855675,0.8323111111111112,0.9390401303740562,0.935911111111111,0.0,3.0
0.25,random field,random,5,87514,CNN-Ensemble,0.7416509072323025,0.842,0.9268492101025502,0.9645777777777776,0.0,3.0
0.25,random field,random,6,95433,CNN-Ensemble,0.6399284436493738,0.8124,0.9202148762464548,0.9635111111111111,0.0,3.0
0.25,random field,random,7,103352,CNN-Ensemble,0.4804480049778331,0.6847555555555556,0.9062060920854963,0.9199999999999999,0.0,3.0
0.5,random field,random,0,42,RF-centre,0.4009551217235747,0.6826666666666665,0.9216939240182981,0.8996000000000001,,
0.5,random field,random,1,55838,RF-centre,0.8653358370648562,0.9012888888888888,0.9444855509931811,0.9419111111111111,,
0.5,random field,random,2,63757,RF-centre,0.6793373259702886,0.7699555555555555,0.9577710239681795,0.9259111111111111,,
0.5,random field,random,3,71676,RF-centre,0.5955692841031566,0.7893333333333333,0.9349937456958545,0.9423555555555556,,
0.5,random field,random,4,79595,RF-centre,0.8848099295336591,0.8770666666666667,0.9411774551046201,0.9239555555555556,,
0.5,random field,random,5,87514,RF-centre,0.8835306541320905,0.8941333333333334,0.9320216630798599,0.9581333333333334,,
0.5,random field,random,6,95433,RF-centre,0.75690752119468,0.7945777777777777,0.9330923731008544,0.9198666666666667,,
0.5,random field,random,7,103352,RF-centre,0.5861967355192836,0.7382222222222222,0.9263931134331306,0.8611999999999999,,
0.5,random field,random,0,42,RF-patch,0.4111894576606407,0.6911111111111112,0.9216939240182981,0.8996000000000001,,
0.5,random field,random,1,55838,RF-patch,0.8591535461505129,0.8994666666666667,0.9444855509931811,0.9419111111111111,,
0.5,random field,random,2,63757,RF-patch,0.6786070956343959,0.7737333333333333,0.9577710239681795,0.9259111111111111,,
0.5,random field,random,3,71676,RF-patch,0.5889394326603627,0.7831111111111111,0.9349937456958545,0.9423555555555556,,
0.5,random field,random,4,79595,RF-patch,0.8860054000600006,0.8757333333333334,0.9411774551046201,0.9239555555555556,,
0.5,random field,random,5,87514,RF-patch,0.876123512483472,0.8910666666666666,0.9320216630798599,0.9581333333333334,,
0.5,random field,random,6,95433,RF-patch,0.7420811342348247,0.7871111111111111,0.9330923731008544,0.9198666666666667,,
0.5,random field,random,7,103352,RF-patch,0.5903905598951099,0.7374666666666667,0.9263931134331306,0.8611999999999999,,
0.5,random field,random,0,42,RF-oracle,0.8787133190368782,0.8438222222222221,0.9216939240182981,0.8996000000000001,,
0.5,random field,random,1,55838,RF-oracle,0.8906645629395881,0.9021333333333335,0.9444855509931811,0.9419111111111111,,
0.5,random field,random,2,63757,RF-oracle,0.9190462116245737,0.8878666666666667,0.9577710239681795,0.9259111111111111,,
0.5,random field,random,3,71676,RF-oracle,0.8893121034678163,0.9246222222222222,0.9349937456958545,0.9423555555555556,,
0.5,random field,random,4,79595,RF-oracle,0.8955330614784608,0.8815555555555555,0.9411774551046201,0.9239555555555556,,
0.5,random field,random,5,87514,RF-oracle,0.8979104212269023,0.8991555555555556,0.9320216630798599,0.9581333333333334,,
0.5,random field,random,6,95433,RF-oracle,0.8612886809853442,0.8509777777777778,0.9330923731008544,0.9198666666666667,,
0.5,random field,random,7,103352,RF-oracle,0.8554481716463516,0.8323111111111111,0.9263931134331306,0.8611999999999999,,
0.5,random field,random,0,42,CNN-Ensemble,0.24649829442549362,0.6424,0.9216939240182981,0.8996000000000001,0.0,3.0
0.5,random field,random,1,55838,CNN-Ensemble,0.7328161424015821,0.8445777777777779,0.9444855509931811,0.9419111111111111,0.0,3.0
0.5,random field,random,2,63757,CNN-Ensemble,0.6607162301803353,0.7623555555555557,0.9577710239681795,0.9259111111111111,0.0,3.0
0.5,random field,random,3,71676,CNN-Ensemble,0.7337094856609517,0.8783555555555556,0.9349937456958545,0.9423555555555556,0.0,3.0
0.5,random field,random,4,79595,CNN-Ensemble,0.7223680263114034,0.8144,0.9411774551046201,0.9239555555555556,0.0,3.0
0.5,random field,random,5,87514,CNN-Ensemble,0.7996711074567495,0.8714666666666666,0.9320216630798599,0.9581333333333334,0.0,3.0
0.5,random field,random,6,95433,CNN-Ensemble,0.5032358137312637,0.6900444444444443,0.9330923731008544,0.9198666666666667,0.0,3.0
0.5,random field,random,7,103352,CNN-Ensemble,0.2798688874320826,0.6093333333333333,0.9263931134331306,0.8611999999999999,0.0,3.0
0.75,random field,random,0,42,RF-centre,0.10238024866942966,0.5065777777777778,0.9199887834394699,0.9257333333333333,,
0.75,random field,random,1,55838,RF-centre,0.64737830420338,0.7476888888888888,0.9155527715199481,0.8971555555555555,,
0.75,random field,random,2,63757,RF-centre,0.4888405426726963,0.7134666666666667,0.9554777984703672,0.9388444444444445,,
0.75,random field,random,3,71676,RF-centre,0.3855309503438927,0.6429333333333334,0.9268709033363132,0.9502666666666667,,
0.75,random field,random,4,79595,RF-centre,0.8219233547039412,0.8283555555555556,0.9409138833308004,0.8912888888888888,,
0.75,random field,random,5,87514,RF-centre,0.7939180630532515,0.8670222222222222,0.9387244846358432,0.9522666666666666,,
0.75,random field,random,6,95433,RF-centre,0.6619654287231486,0.8116888888888889,0.9160462449642813,0.9553777777777777,,
0.75,random field,random,7,103352,RF-centre,0.5064029600328892,0.6918666666666667,0.9255313594784559,0.8904444444444445,,
0.75,random field,random,0,42,RF-patch,0.11783597595528839,0.5165777777777778,0.9199887834394699,0.9257333333333333,,
0.75,random field,random,1,55838,RF-patch,0.639074656385071,0.7408444444444445,0.9155527715199481,0.8971555555555555,,
0.75,random field,random,2,63757,RF-patch,0.5217853531705907,0.7343111111111111,0.9554777984703672,0.9388444444444445,,
0.75,random field,random,3,71676,RF-patch,0.3766455182835365,0.6283555555555556,0.9268709033363132,0.9502666666666667,,
0.75,random field,random,4,79595,RF-patch,0.8138210424560273,0.8220444444444445,0.9409138833308004,0.8912888888888888,,
0.75,random field,random,5,87514,RF-patch,0.7964296043766763,0.8743111111111111,0.9387244846358432,0.9522666666666666,,
0.75,random field,random,6,95433,RF-patch,0.679817184615076,0.8135111111111111,0.9160462449642813,0.9553777777777777,,
0.75,random field,random,7,103352,RF-patch,0.5213329036989299,0.7042666666666666,0.9255313594784559,0.8904444444444445,,
0.75,random field,random,0,42,RF-oracle,0.8819317699375958,0.9076,0.9199887834394699,0.9257333333333333,,
0.75,random field,random,1,55838,RF-oracle,0.8054533939265992,0.8055111111111112,0.9155527715199481,0.8971555555555555,,
0.75,random field,random,2,63757,RF-oracle,0.9181435349281658,0.8961777777777779,0.9554777984703672,0.9388444444444445,,
0.75,random field,random,3,71676,RF-oracle,0.911432006070296,0.9193777777777777,0.9268709033363132,0.9502666666666667,,
0.75,random field,random,4,79595,RF-oracle,0.8581086456516184,0.8424888888888888,0.9409138833308004,0.8912888888888888,,
0.75,random field,random,5,87514,RF-oracle,0.8893386470225999,0.9231555555555555,0.9387244846358432,0.9522666666666666,,
0.75,random field,random,6,95433,RF-oracle,0.8692447693863263,0.8830222222222222,0.9160462449642813,0.9553777777777777,,
0.75,random field,random,7,103352,RF-oracle,0.8406742297136635,0.8436888888888889,0.9255313594784559,0.8904444444444445,,
0.75,random field,random,0,42,CNN-Ensemble,0.5531808131201458,0.7201333333333334,0.9199887834394699,0.9257333333333333,1.0,3.0
0.75,random field,random,1,55838,CNN-Ensemble,0.6585606506738962,0.7534666666666667,0.9155527715199481,0.8971555555555555,0.0,3.0
0.75,random field,random,2,63757,CNN-Ensemble,0.7674796386626518,0.8399555555555556,0.9554777984703672,0.9388444444444445,0.0,3.0
0.75,random field,random,3,71676,CNN-Ensemble,0.7244773830820342,0.8076888888888888,0.9268709033363132,0.9502666666666667,0.0,3.0
0.75,random field,random,4,79595,CNN-Ensemble,0.6654505050056112,0.7953333333333334,0.9409138833308004,0.8912888888888888,0.0,3.0
0.75,random field,random,5,87514,CNN-Ensemble,0.7636542628251425,0.8537777777777777,0.9387244846358432,0.9522666666666666,0.0,3.0
0.75,random field,random,6,95433,CNN-Ensemble,0.5884145379393104,0.7772888888888889,0.9160462449642813,0.9553777777777777,0.0,3.0
0.75,random field,random,7,103352,CNN-Ensemble,0.41445349392771025,0.6236444444444444,0.9255313594784559,0.8904444444444445,1.0,3.0
1.0,random field,random,0,42,RF-centre,0.039578661985133164,0.527511111111111,0.879584963747119,0.9648888888888889,,
1.0,random field,random,1,55838,RF-centre,0.06299492216580184,0.5249777777777778,0.9319332614715437,0.8876,,
1.0,random field,random,2,63757,RF-centre,0.06598962943917522,0.5216000000000001,0.9493906464333106,0.9500444444444445,,
1.0,random field,random,3,71676,RF-centre,-0.028002092023477327,0.4880444444444445,0.8791589858035403,0.9139555555555555,,
1.0,random field,random,4,79595,RF-centre,-0.04726674740830454,0.4759111111111111,0.924377490682621,0.8222666666666667,,
1.0,random field,random,5,87514,RF-centre,0.04461272783313876,0.4742666666666667,0.9393764627831045,0.8364444444444444,,
1.0,random field,random,6,95433,RF-centre,0.036093960610002626,0.5199555555555555,0.9050372253433747,0.9076888888888889,,
1.0,random field,random,7,103352,RF-centre,-0.0019444660496227733,0.44995555555555555,0.9221978371194569,0.8506222222222222,,
1.0,random field,random,0,42,RF-patch,0.08746808297869976,0.5340444444444444,0.879584963747119,0.9648888888888889,,
1.0,random field,random,1,55838,RF-patch,0.049657440638229314,0.5165777777777778,0.9319332614715437,0.8876,,
1.0,random field,random,2,63757,RF-patch,0.0439522710199306,0.516311111111111,0.9493906464333106,0.9500444444444445,,
1.0,random field,random,3,71676,RF-patch,-0.05227658665947284,0.4852888888888889,0.8791589858035403,0.9139555555555555,,
1.0,random field,random,4,79595,RF-patch,0.034867942977144184,0.4775555555555556,0.924377490682621,0.8222666666666667,,
1.0,random field,random,5,87514,RF-patch,0.01862865556920802,0.47559999999999997,0.9393764627831045,0.8364444444444444,,
1.0,random field,random,6,95433,RF-patch,-0.004886277057109227,0.5257333333333334,0.9050372253433747,0.9076888888888889,,
1.0,random field,random,7,103352,RF-patch,0.06701630018111311,0.4580444444444445,0.9221978371194569,0.8506222222222222,,
1.0,random field,random,0,42,RF-oracle,0.9164892078918134,0.9428888888888889,0.879584963747119,0.9648888888888889,,
1.0,random field,random,1,55838,RF-oracle,0.878503497393211,0.8706666666666667,0.9319332614715437,0.8876,,
1.0,random field,random,2,63757,RF-oracle,0.924437673995137,0.9362666666666666,0.9493906464333106,0.9500444444444445,,
1.0,random field,random,3,71676,RF-oracle,0.886307115186513,0.8788888888888889,0.8791589858035403,0.9139555555555555,,
1.0,random field,random,4,79595,RF-oracle,0.7649573884154269,0.7290666666666666,0.924377490682621,0.8222666666666667,,
1.0,random field,random,5,87514,RF-oracle,0.8280209397928936,0.8019555555555555,0.9393764627831045,0.8364444444444444,,
1.0,random field,random,6,95433,RF-oracle,0.8862660443485025,0.8892,0.9050372253433747,0.9076888888888889,,
1.0,random field,random,7,103352,RF-oracle,0.8752239469327436,0.8223555555555556,0.9221978371194569,0.8506222222222222,,
1.0,random field,random,0,42,CNN-Ensemble,0.6001404460049555,0.7524888888888889,0.879584963747119,0.9648888888888889,0.0,3.0
1.0,random field,random,1,55838,CNN-Ensemble,0.4806604517827975,0.6977333333333333,0.9319332614715437,0.8876,1.0,3.0
1.0,random field,random,2,63757,CNN-Ensemble,0.8334722422996131,0.8786666666666667,0.9493906464333106,0.9500444444444445,1.0,3.0
1.0,random field,random,3,71676,CNN-Ensemble,0.6010127446985831,0.7512444444444444,0.8791589858035403,0.9139555555555555,1.0,3.0
1.0,random field,random,4,79595,CNN-Ensemble,0.12832142579361994,0.5157777777777779,0.924377490682621,0.8222666666666667,3.0,3.0
1.0,random field,random,5,87514,CNN-Ensemble,0.5240679394366599,0.6957333333333333,0.9393764627831045,0.8364444444444444,1.0,3.0
1.0,random field,random,6,95433,CNN-Ensemble,0.4986627072148284,0.6974666666666666,0.9050372253433747,0.9076888888888889,1.0,3.0
1.0,random field,random,7,103352,CNN-Ensemble,0.517233302592251,0.6573777777777777,0.9221978371194569,0.8506222222222222,1.0,3.0
0.0,forest map,extrap,0,42,RF-centre,0.6197153301703352,0.7018666666666666,,0.8053777777777777,,
0.0,forest map,extrap,1,55838,RF-centre,0.7981697574417495,0.8668444444444444,,0.9348888888888889,,
0.0,forest map,extrap,2,63757,RF-centre,0.8559215102390028,0.9067555555555555,,0.9644444444444444,,
0.0,forest map,extrap,3,71676,RF-centre,0.6271314125712507,0.7153333333333334,,0.8148444444444445,,
0.0,forest map,extrap,4,79595,RF-centre,0.809009877887532,0.882311111111111,,0.9469333333333334,,
0.0,forest map,extrap,5,87514,RF-centre,0.6791982887808005,0.5380666666666667,,0.5880888888888889,,
0.0,forest map,extrap,6,95433,RF-centre,0.85722400094681,0.8847111111111111,,0.9119555555555556,,
0.0,forest map,extrap,7,103352,RF-centre,0.6931939243769375,0.7837333333333334,,0.8663111111111111,,
0.0,forest map,extrap,0,42,RF-patch,0.6377790864342937,0.7150666666666666,,0.8053777777777777,,
0.0,forest map,extrap,1,55838,RF-patch,0.7995315503505595,0.8662222222222222,,0.9348888888888889,,
0.0,forest map,extrap,2,63757,RF-patch,0.8373866376293069,0.8995555555555557,,0.9644444444444444,,
0.0,forest map,extrap,3,71676,RF-patch,0.6096738852653918,0.7184,,0.8148444444444445,,
0.0,forest map,extrap,4,79595,RF-patch,0.8021818020200225,0.8810666666666667,,0.9469333333333334,,
0.0,forest map,extrap,5,87514,RF-patch,0.6738720067858581,0.5385555555555556,,0.5880888888888889,,
0.0,forest map,extrap,6,95433,RF-patch,0.850981828776524,0.8860888888888889,,0.9119555555555556,,
0.0,forest map,extrap,7,103352,RF-patch,0.6347221635795953,0.7625333333333333,,0.8663111111111111,,
0.0,forest map,extrap,0,42,RF-oracle,0.6294989944332714,0.7103555555555555,,0.8053777777777777,,
0.0,forest map,extrap,1,55838,RF-oracle,0.7816189068767431,0.8668444444444445,,0.9348888888888889,,
0.0,forest map,extrap,2,63757,RF-oracle,0.8289012100134446,0.8972,,0.9644444444444444,,
0.0,forest map,extrap,3,71676,RF-oracle,0.6103334481494238,0.7019555555555554,,0.8148444444444445,,
0.0,forest map,extrap,4,79595,RF-oracle,0.802774253047256,0.8812000000000001,,0.9469333333333334,,
0.0,forest map,extrap,5,87514,RF-oracle,0.6749360187264365,0.5430888888888888,,0.5880888888888889,,
0.0,forest map,extrap,6,95433,RF-oracle,0.836408760153111,0.8790222222222221,,0.9119555555555556,,
0.0,forest map,extrap,7,103352,RF-oracle,0.6395831064789608,0.7660444444444444,,0.8663111111111111,,
0.0,forest map,extrap,0,42,CNN-Ensemble,0.21065122945810508,0.5645333333333333,,0.8053777777777777,1.0,3.0
0.0,forest map,extrap,1,55838,CNN-Ensemble,0.5660756230624785,0.7902666666666668,,0.9348888888888889,0.0,3.0
0.0,forest map,extrap,2,63757,CNN-Ensemble,0.38535317059078433,0.6724444444444444,,0.9644444444444444,0.0,3.0
0.0,forest map,extrap,3,71676,CNN-Ensemble,0.443011144568273,0.6209777777777777,,0.8148444444444445,0.0,3.0
0.0,forest map,extrap,4,79595,CNN-Ensemble,0.4703887820975788,0.7051111111111111,,0.9469333333333334,0.0,3.0
0.0,forest map,extrap,5,87514,CNN-Ensemble,0.22967321859131765,0.5525333333333333,,0.5880888888888889,1.0,3.0
0.0,forest map,extrap,6,95433,CNN-Ensemble,0.4474636384848721,0.6698222222222222,,0.9119555555555556,0.0,3.0
0.0,forest map,extrap,7,103352,CNN-Ensemble,0.13567128523650263,0.5613333333333334,,0.8663111111111111,1.0,3.0
0.25,forest map,extrap,0,42,RF-centre,0.35371281903132257,0.614311111111111,0.9160603135116321,0.9012444444444444,,
0.25,forest map,extrap,1,55838,RF-centre,0.6577335303725595,0.7736444444444444,0.9552461186844254,0.9019555555555556,,
0.25,forest map,extrap,2,63757,RF-centre,0.7865096278847542,0.8688444444444444,0.9481198692937245,0.9171111111111111,,
0.25,forest map,extrap,3,71676,RF-centre,0.3451669462994033,0.5775111111111111,0.927319244407474,0.832,,
0.25,forest map,extrap,4,79595,RF-centre,0.8484858720652452,0.8714222222222222,0.9361319950415472,0.9338666666666666,,
0.25,forest map,extrap,5,87514,RF-centre,0.63240265251866,0.6227555555555555,0.9436790472564719,0.6713777777777777,,
0.25,forest map,extrap,6,95433,RF-centre,0.7749280297478942,0.8295111111111112,0.9451230396582753,0.9132888888888889,,
0.25,forest map,extrap,7,103352,RF-centre,0.4079036433738152,0.6779999999999999,0.951704526641442,0.8578666666666667,,
0.25,forest map,extrap,0,42,RF-patch,0.2979628662540695,0.5749777777777778,0.9160603135116321,0.9012444444444444,,
0.25,forest map,extrap,1,55838,RF-patch,0.618361537350415,0.7542666666666665,0.9552461186844254,0.9019555555555556,,
0.25,forest map,extrap,2,63757,RF-patch,0.780035778175313,0.8755111111111111,0.9481198692937245,0.9171111111111111,,
0.25,forest map,extrap,3,71676,RF-patch,0.24758586206513405,0.5664,0.927319244407474,0.832,,
0.25,forest map,extrap,4,79595,RF-patch,0.8429071434127046,0.8718666666666667,0.9361319950415472,0.9338666666666666,,
0.25,forest map,extrap,5,87514,RF-patch,0.6457477629190908,0.6267333333333334,0.9436790472564719,0.6713777777777777,,
0.25,forest map,extrap,6,95433,RF-patch,0.7561306236735963,0.8274222222222223,0.9451230396582753,0.9132888888888889,,
0.25,forest map,extrap,7,103352,RF-patch,0.3806482294247714,0.6562222222222223,0.951704526641442,0.8578666666666667,,
0.25,forest map,extrap,0,42,RF-oracle,0.7927430304781165,0.7960888888888888,0.9160603135116321,0.9012444444444444,,
0.25,forest map,extrap,1,55838,RF-oracle,0.6503734485938731,0.7635111111111113,0.9552461186844254,0.9019555555555556,,
0.25,forest map,extrap,2,63757,RF-oracle,0.87963910710119,0.8956444444444445,0.9481198692937245,0.9171111111111111,,
0.25,forest map,extrap,3,71676,RF-oracle,0.7327148079423105,0.7619111111111111,0.927319244407474,0.832,,
0.25,forest map,extrap,4,79595,RF-oracle,0.8506112290136556,0.8744444444444445,0.9361319950415472,0.9338666666666666,,
0.25,forest map,extrap,5,87514,RF-oracle,0.6914106480528324,0.6306222222222222,0.9436790472564719,0.6713777777777777,,
0.25,forest map,extrap,6,95433,RF-oracle,0.8402982255358391,0.8675555555555555,0.9451230396582753,0.9132888888888889,,
0.25,forest map,extrap,7,103352,RF-oracle,0.6692314359048434,0.7488444444444445,0.951704526641442,0.8578666666666667,,
0.25,forest map,extrap,0,42,CNN-Ensemble,0.33762690003521356,0.6676000000000001,0.9160603135116321,0.9012444444444444,0.0,3.0
0.25,forest map,extrap,1,55838,CNN-Ensemble,0.5855433949266102,0.7756000000000001,0.9552461186844254,0.9019555555555556,0.0,3.0
0.25,forest map,extrap,2,63757,CNN-Ensemble,0.5554879498661095,0.7363555555555554,0.9481198692937245,0.9171111111111111,0.0,3.0
0.25,forest map,extrap,3,71676,CNN-Ensemble,0.4873574150823898,0.6992,0.927319244407474,0.832,0.0,3.0
0.25,forest map,extrap,4,79595,CNN-Ensemble,0.5275009722330248,0.7565333333333334,0.9361319950415472,0.9338666666666666,0.0,3.0
0.25,forest map,extrap,5,87514,CNN-Ensemble,0.0849036194739524,0.5399111111111111,0.9436790472564719,0.6713777777777777,3.0,3.0
0.25,forest map,extrap,6,95433,CNN-Ensemble,0.4841604906721185,0.6639111111111111,0.9451230396582753,0.9132888888888889,0.0,3.0
0.25,forest map,extrap,7,103352,CNN-Ensemble,0.08174759313939094,0.5447555555555555,0.951704526641442,0.8578666666666667,1.0,3.0
0.5,forest map,extrap,0,42,RF-centre,0.20496583295369947,0.6033333333333333,0.941130248424519,0.8896444444444445,,
0.5,forest map,extrap,1,55838,RF-centre,0.6905885620951343,0.7852888888888889,0.9511891521065275,0.8818666666666667,,
0.5,forest map,extrap,2,63757,RF-centre,0.5983555372837476,0.7525333333333334,0.9637285616259038,0.9507555555555556,,
0.5,forest map,extrap,3,71676,RF-centre,0.22863142923810262,0.5806222222222223,0.9254873679226316,0.9081333333333333,,
0.5,forest map,extrap,4,79595,RF-centre,0.8055907287858753,0.7880444444444445,0.942665435063015,0.8899111111111112,,
0.5,forest map,extrap,5,87514,RF-centre,0.5645707174524162,0.6148444444444444,0.957812095086179,0.7711111111111111,,
0.5,forest map,extrap,6,95433,RF-centre,0.7111221235791508,0.8133777777777778,0.9543812784354471,0.9440444444444445,,
0.5,forest map,extrap,7,103352,RF-centre,0.37647129412549024,0.6480444444444445,0.9355191073822688,0.8672888888888889,,
0.5,forest map,extrap,0,42,RF-patch,0.2555672840809342,0.5875555555555556,0.941130248424519,0.8896444444444445,,
0.5,forest map,extrap,1,55838,RF-patch,0.6849204991166569,0.7886222222222222,0.9511891521065275,0.8818666666666667,,
0.5,forest map,extrap,2,63757,RF-patch,0.6132148134979277,0.7618666666666666,0.9637285616259038,0.9507555555555556,,
0.5,forest map,extrap,3,71676,RF-patch,0.23752130579228659,0.5831111111111111,0.9254873679226316,0.9081333333333333,,
0.5,forest map,extrap,4,79595,RF-patch,0.810861009566773,0.7883555555555556,0.942665435063015,0.8899111111111112,,
0.5,forest map,extrap,5,87514,RF-patch,0.5554452827253636,0.6070666666666666,0.957812095086179,0.7711111111111111,,
0.5,forest map,extrap,6,95433,RF-patch,0.7079780886454294,0.8169333333333334,0.9543812784354471,0.9440444444444445,,
0.5,forest map,extrap,7,103352,RF-patch,0.38758519539105984,0.6569333333333333,0.9355191073822688,0.8672888888888889,,
0.5,forest map,extrap,0,42,RF-oracle,0.8495471503227098,0.8442222222222222,0.941130248424519,0.8896444444444445,,
0.5,forest map,extrap,1,55838,RF-oracle,0.8233295925510283,0.8373333333333333,0.9511891521065275,0.8818666666666667,,
0.5,forest map,extrap,2,63757,RF-oracle,0.8645167168524094,0.8982666666666667,0.9637285616259038,0.9507555555555556,,
0.5,forest map,extrap,3,71676,RF-oracle,0.822916346061222,0.8503111111111111,0.9254873679226316,0.9081333333333333,,
0.5,forest map,extrap,4,79595,RF-oracle,0.8506681185346503,0.8077333333333334,0.942665435063015,0.8899111111111112,,
0.5,forest map,extrap,5,87514,RF-oracle,0.6484232047022744,0.6320888888888889,0.957812095086179,0.7711111111111111,,
0.5,forest map,extrap,6,95433,RF-oracle,0.8588646540517116,0.8904888888888889,0.9543812784354471,0.9440444444444445,,
0.5,forest map,extrap,7,103352,RF-oracle,0.8124388048756098,0.8083111111111111,0.9355191073822688,0.8672888888888889,,
0.5,forest map,extrap,0,42,CNN-Ensemble,0.6177010855676174,0.7540000000000002,0.941130248424519,0.8896444444444445,0.0,3.0
0.5,forest map,extrap,1,55838,CNN-Ensemble,0.6283180924232491,0.7046666666666667,0.9511891521065275,0.8818666666666667,1.0,3.0
0.5,forest map,extrap,2,63757,CNN-Ensemble,0.5854753941710463,0.7353333333333334,0.9637285616259038,0.9507555555555556,0.0,3.0
0.5,forest map,extrap,3,71676,CNN-Ensemble,0.5810033444816053,0.7158222222222221,0.9254873679226316,0.9081333333333333,0.0,3.0
0.5,forest map,extrap,4,79595,CNN-Ensemble,0.5058727881279588,0.6597555555555557,0.942665435063015,0.8899111111111112,0.0,3.0
0.5,forest map,extrap,5,87514,CNN-Ensemble,0.4016946854965055,0.6478666666666668,0.957812095086179,0.7711111111111111,0.0,3.0
0.5,forest map,extrap,6,95433,CNN-Ensemble,0.5672147468305203,0.7455555555555555,0.9543812784354471,0.9440444444444445,0.0,3.0
0.5,forest map,extrap,7,103352,CNN-Ensemble,0.23369770775230833,0.5767555555555556,0.9355191073822688,0.8672888888888889,0.0,3.0
0.75,forest map,extrap,0,42,RF-centre,0.12763475149723885,0.5370222222222222,0.9307331664636855,0.9285333333333333,,
0.75,forest map,extrap,1,55838,RF-centre,0.49953355037278185,0.7292,0.9332083020036289,0.9156000000000001,,
0.75,forest map,extrap,2,63757,RF-centre,0.3691654351715018,0.637111111111111,0.946519939130425,0.9280444444444444,,
0.75,forest map,extrap,3,71676,RF-centre,0.2223304703385593,0.5739555555555556,0.9023676677181384,0.9464444444444444,,
0.75,forest map,extrap,4,79595,RF-centre,0.6084320936899298,0.7563555555555557,0.9632674162762505,0.9215555555555555,,
0.75,forest map,extrap,5,87514,RF-centre,0.34724074711941244,0.6447555555555555,0.941832608395505,0.8085777777777778,,
0.75,forest map,extrap,6,95433,RF-centre,0.4844742719363548,0.7157333333333334,0.9199314951575014,0.9099111111111112,,
0.75,forest map,extrap,7,103352,RF-centre,0.12487649862776252,0.5463555555555555,0.9513761812814896,0.8722666666666666,,
0.75,forest map,extrap,0,42,RF-patch,0.1277303081145346,0.5465777777777777,0.9307331664636855,0.9285333333333333,,
0.75,forest map,extrap,1,55838,RF-patch,0.5393602151135012,0.7219111111111112,0.9332083020036289,0.9156000000000001,,
0.75,forest map,extrap,2,63757,RF-patch,0.3639515994622162,0.6555555555555556,0.946519939130425,0.9280444444444444,,
0.75,forest map,extrap,3,71676,RF-patch,0.2506596739963777,0.6248444444444444,0.9023676677181384,0.9464444444444444,,
0.75,forest map,extrap,4,79595,RF-patch,0.6100756675074168,0.7631555555555556,0.9632674162762505,0.9215555555555555,,
0.75,forest map,extrap,5,87514,RF-patch,0.3875763064034045,0.674888888888889,0.941832608395505,0.8085777777777778,,
0.75,forest map,extrap,6,95433,RF-patch,0.4223798042200469,0.6717777777777778,0.9199314951575014,0.9099111111111112,,
0.75,forest map,extrap,7,103352,RF-patch,0.18547450527228082,0.5480888888888888,0.9513761812814896,0.8722666666666666,,
0.75,forest map,extrap,0,42,RF-oracle,0.9009041101461305,0.9070222222222223,0.9307331664636855,0.9285333333333333,,
0.75,forest map,extrap,1,55838,RF-oracle,0.8728728096978855,0.8715555555555555,0.9332083020036289,0.9156000000000001,,
0.75,forest map,extrap,2,63757,RF-oracle,0.8846964966277403,0.890311111111111,0.946519939130425,0.9280444444444444,,
0.75,forest map,extrap,3,71676,RF-oracle,0.8864418493538816,0.9053777777777777,0.9023676677181384,0.9464444444444444,,
0.75,forest map,extrap,4,79595,RF-oracle,0.8860889565439616,0.8784000000000001,0.9632674162762505,0.9215555555555555,,
0.75,forest map,extrap,5,87514,RF-oracle,0.677159523994711,0.7358222222222223,0.941832608395505,0.8085777777777778,,
0.75,forest map,extrap,6,95433,RF-oracle,0.8325554728385871,0.8176888888888889,0.9199314951575014,0.9099111111111112,,
0.75,forest map,extrap,7,103352,RF-oracle,0.8289145434949277,0.8007111111111112,0.9513761812814896,0.8722666666666666,,
0.75,forest map,extrap,0,42,CNN-Ensemble,0.7677854198379981,0.835911111111111,0.9307331664636855,0.9285333333333333,0.0,3.0
0.75,forest map,extrap,1,55838,CNN-Ensemble,0.5402242247136079,0.7004888888888889,0.9332083020036289,0.9156000000000001,0.0,3.0
0.75,forest map,extrap,2,63757,CNN-Ensemble,0.6693492149912776,0.8172444444444444,0.946519939130425,0.9280444444444444,0.0,3.0
0.75,forest map,extrap,3,71676,CNN-Ensemble,0.7748938071416183,0.8324444444444445,0.9023676677181384,0.9464444444444444,0.0,3.0
0.75,forest map,extrap,4,79595,CNN-Ensemble,0.5435220391337681,0.723111111111111,0.9632674162762505,0.9215555555555555,0.0,3.0
0.75,forest map,extrap,5,87514,CNN-Ensemble,0.3328210313447927,0.6090666666666666,0.941832608395505,0.8085777777777778,0.0,3.0
0.75,forest map,extrap,6,95433,CNN-Ensemble,0.46560339559328434,0.6843999999999999,0.9199314951575014,0.9099111111111112,0.0,3.0
0.75,forest map,extrap,7,103352,CNN-Ensemble,0.5192386582073134,0.6785777777777778,0.9513761812814896,0.8722666666666666,0.0,3.0
1.0,forest map,extrap,0,42,RF-centre,0.1731650351670574,0.5402666666666667,0.9523848346292259,0.9493777777777778,,
1.0,forest map,extrap,1,55838,RF-centre,0.15305905099601766,0.5319111111111111,0.9438936737007376,0.8861333333333333,,
1.0,forest map,extrap,2,63757,RF-centre,0.2713052367248525,0.6273333333333333,0.9500832706456663,0.9665777777777778,,
1.0,forest map,extrap,3,71676,RF-centre,0.2657896198846654,0.6280444444444444,0.9315753296238631,0.9505333333333332,,
1.0,forest map,extrap,4,79595,RF-centre,0.06574161935132612,0.5537777777777778,0.9538187221238523,0.8916,,
1.0,forest map,extrap,5,87514,RF-centre,0.09521083567595194,0.5367111111111111,0.9606457513576704,0.8784444444444445,,
1.0,forest map,extrap,6,95433,RF-centre,0.08606673407482306,0.5015111111111111,0.9410696664992183,0.9283555555555556,,
1.0,forest map,extrap,7,103352,RF-centre,-0.006666740741563795,0.4966222222222222,0.9574357404740774,0.8776,,
1.0,forest map,extrap,0,42,RF-patch,0.22242558250647232,0.5781777777777778,0.9523848346292259,0.9493777777777778,,
1.0,forest map,extrap,1,55838,RF-patch,0.17608642052538698,0.5437333333333334,0.9438936737007376,0.8861333333333333,,
1.0,forest map,extrap,2,63757,RF-patch,0.26244869387437636,0.6323555555555556,0.9500832706456663,0.9665777777777778,,
1.0,forest map,extrap,3,71676,RF-patch,0.26241669351881686,0.6392,0.9315753296238631,0.9505333333333332,,
1.0,forest map,extrap,4,79595,RF-patch,0.16775697507750084,0.5852888888888889,0.9538187221238523,0.8916,,
1.0,forest map,extrap,5,87514,RF-patch,0.16806186735408168,0.5766222222222221,0.9606457513576704,0.8784444444444445,,
1.0,forest map,extrap,6,95433,RF-patch,0.14458738430427004,0.5337777777777778,0.9410696664992183,0.9283555555555556,,
1.0,forest map,extrap,7,103352,RF-patch,0.17570239669329657,0.5822666666666666,0.9574357404740774,0.8776,,
1.0,forest map,extrap,0,42,RF-oracle,0.9243443563854633,0.9311111111111111,0.9523848346292259,0.9493777777777778,,
1.0,forest map,extrap,1,55838,RF-oracle,0.9152761887239389,0.8698222222222223,0.9438936737007376,0.8861333333333333,,
1.0,forest map,extrap,2,63757,RF-oracle,0.8935428171424126,0.9313333333333332,0.9500832706456663,0.9665777777777778,,
1.0,forest map,extrap,3,71676,RF-oracle,0.9165202668431047,0.9303111111111112,0.9315753296238631,0.9505333333333332,,
1.0,forest map,extrap,4,79595,RF-oracle,0.9196155512839032,0.8547111111111111,0.9538187221238523,0.8916,,
1.0,forest map,extrap,5,87514,RF-oracle,0.9240196002177801,0.8479111111111111,0.9606457513576704,0.8784444444444445,,
1.0,forest map,extrap,6,95433,RF-oracle,0.9277166011382675,0.9166222222222222,0.9410696664992183,0.9283555555555556,,
1.0,forest map,extrap,7,103352,RF-oracle,0.9295818842431582,0.8696444444444444,0.9574357404740774,0.8776,,
1.0,forest map,extrap,0,42,CNN-Ensemble,0.7623831375904176,0.8555111111111111,0.9523848346292259,0.9493777777777778,0.0,3.0
1.0,forest map,extrap,1,55838,CNN-Ensemble,0.6114706398371842,0.7091555555555555,0.9438936737007376,0.8861333333333333,0.0,3.0
1.0,forest map,extrap,2,63757,CNN-Ensemble,0.8804160046222735,0.9109777777777779,0.9500832706456663,0.9665777777777778,0.0,3.0
1.0,forest map,extrap,3,71676,CNN-Ensemble,0.6954041711574572,0.8333333333333334,0.9315753296238631,0.9505333333333332,0.0,3.0
1.0,forest map,extrap,4,79595,CNN-Ensemble,0.3626222513583484,0.6504,0.9538187221238523,0.8916,0.0,3.0
1.0,forest map,extrap,5,87514,CNN-Ensemble,0.7236178179757553,0.7791111111111111,0.9606457513576704,0.8784444444444445,0.0,3.0
1.0,forest map,extrap,6,95433,CNN-Ensemble,0.6314790164335159,0.7654222222222222,0.9410696664992183,0.9283555555555556,0.0,3.0
1.0,forest map,extrap,7,103352,CNN-Ensemble,0.7446469405215612,0.8079555555555555,0.9574357404740774,0.8776,0.0,3.0
0.0,forest map,random,0,42,RF-centre,0.8950232780364226,0.7719555555555556,,0.8221333333333333,,
0.0,forest map,random,1,55838,RF-centre,0.9366784075378615,0.9187555555555555,,0.9371111111111111,,
0.0,forest map,random,2,63757,RF-centre,0.8875111945688285,0.9301333333333334,,0.9634222222222222,,
0.0,forest map,random,3,71676,RF-centre,0.9228499452946477,0.884888888888889,,0.9193111111111112,,
0.0,forest map,random,4,79595,RF-centre,0.9054327270303003,0.9239555555555555,,0.9418666666666666,,
0.0,forest map,random,5,87514,RF-centre,0.9000046667185192,0.9327555555555556,,0.9573333333333334,,
0.0,forest map,random,6,95433,RF-centre,0.9161372531416824,0.9084000000000001,,0.948,,
0.0,forest map,random,7,103352,RF-centre,0.8842057005306447,0.8447111111111112,,0.8681333333333334,,
0.0,forest map,random,0,42,RF-patch,0.8905334503716708,0.7769777777777778,,0.8221333333333333,,
0.0,forest map,random,1,55838,RF-patch,0.9310347892754364,0.9224444444444445,,0.9371111111111111,,
0.0,forest map,random,2,63757,RF-patch,0.8830040333781487,0.9271111111111112,,0.9634222222222222,,
0.0,forest map,random,3,71676,RF-patch,0.912716025990213,0.8845777777777778,,0.9193111111111112,,
0.0,forest map,random,4,79595,RF-patch,0.9024331381459794,0.9267555555555556,,0.9418666666666666,,
0.0,forest map,random,5,87514,RF-patch,0.9006322292469916,0.9272444444444444,,0.9573333333333334,,
0.0,forest map,random,6,95433,RF-patch,0.9066020733563706,0.9028,,0.948,,
0.0,forest map,random,7,103352,RF-patch,0.8722576917521304,0.8406666666666667,,0.8681333333333334,,
0.0,forest map,random,0,42,RF-oracle,0.8893489927665862,0.7712888888888889,,0.8221333333333333,,
0.0,forest map,random,1,55838,RF-oracle,0.9312219024655829,0.9243111111111111,,0.9371111111111111,,
0.0,forest map,random,2,63757,RF-oracle,0.8841564906276735,0.9296,,0.9634222222222222,,
0.0,forest map,random,3,71676,RF-oracle,0.9161181620011201,0.8872888888888889,,0.9193111111111112,,
0.0,forest map,random,4,79595,RF-oracle,0.9010393448816097,0.9249333333333333,,0.9418666666666666,,
0.0,forest map,random,5,87514,RF-oracle,0.899779775330837,0.926311111111111,,0.9573333333333334,,
0.0,forest map,random,6,95433,RF-oracle,0.9095559850171708,0.9049777777777778,,0.948,,
0.0,forest map,random,7,103352,RF-oracle,0.8762892921032455,0.8410666666666666,,0.8681333333333334,,
0.0,forest map,random,0,42,CNN-Ensemble,0.7294698829986999,0.7389333333333332,,0.8221333333333333,0.0,3.0
0.0,forest map,random,1,55838,CNN-Ensemble,0.7798166646296071,0.8626222222222222,,0.9371111111111111,0.0,3.0
0.0,forest map,random,2,63757,CNN-Ensemble,0.6020262447360525,0.7850222222222222,,0.9634222222222222,0.0,3.0
0.0,forest map,random,3,71676,CNN-Ensemble,0.7622347761902708,0.830888888888889,,0.9193111111111112,0.0,3.0
0.0,forest map,random,4,79595,CNN-Ensemble,0.756379515327948,0.8314666666666667,,0.9418666666666666,0.0,3.0
0.0,forest map,random,5,87514,CNN-Ensemble,0.7982946477183079,0.8687555555555555,,0.9573333333333334,0.0,3.0
0.0,forest map,random,6,95433,CNN-Ensemble,0.5449767219635773,0.742,,0.948,0.0,3.0
0.0,forest map,random,7,103352,CNN-Ensemble,0.6716692407693419,0.7454222222222221,,0.8681333333333334,0.0,3.0
0.25,forest map,random,0,42,RF-centre,0.5984364270714119,0.7282666666666667,0.8858302763348953,0.8733777777777778,,
0.25,forest map,random,1,55838,RF-centre,0.9063278480872009,0.9056888888888889,0.9258633100634894,0.9336888888888889,,
0.25,forest map,random,2,63757,RF-centre,0.8531343681596462,0.8864444444444444,0.9329870312980334,0.9389777777777778,,
0.25,forest map,random,3,71676,RF-centre,0.8012475694174379,0.8121777777777778,0.8845140274756673,0.8995555555555556,,
0.25,forest map,random,4,79595,RF-centre,0.8896267736308181,0.9141777777777779,0.9146595188861345,0.9481333333333334,,
0.25,forest map,random,5,87514,RF-centre,0.9092558402897998,0.9312444444444444,0.9152003081669705,0.9580444444444445,,
0.25,forest map,random,6,95433,RF-centre,0.8016029084804874,0.8581333333333334,0.9320582595543037,0.9152444444444444,,
0.25,forest map,random,7,103352,RF-centre,0.8307216746852742,0.8223555555555555,0.9234822527993842,0.8971111111111112,,
0.25,forest map,random,0,42,RF-patch,0.5920074667496305,0.7183555555555556,0.8858302763348953,0.8733777777777778,,
0.25,forest map,random,1,55838,RF-patch,0.9037279196133255,0.9076888888888889,0.9258633100634894,0.9336888888888889,,
0.25,forest map,random,2,63757,RF-patch,0.8533588150979455,0.8853777777777778,0.9329870312980334,0.9389777777777778,,
0.25,forest map,random,3,71676,RF-patch,0.8027271414126823,0.8071111111111111,0.8845140274756673,0.8995555555555556,,
0.25,forest map,random,4,79595,RF-patch,0.8892316581295346,0.9137777777777778,0.9146595188861345,0.9481333333333334,,
0.25,forest map,random,5,87514,RF-patch,0.9046295646083916,0.9303555555555554,0.9152003081669705,0.9580444444444445,,
0.25,forest map,random,6,95433,RF-patch,0.800878232956675,0.8542666666666666,0.9320582595543037,0.9152444444444444,,
0.25,forest map,random,7,103352,RF-patch,0.8260989566550739,0.8232888888888888,0.9234822527993842,0.8971111111111112,,
0.25,forest map,random,0,42,RF-oracle,0.8630531450349448,0.8314222222222222,0.8858302763348953,0.8733777777777778,,
0.25,forest map,random,1,55838,RF-oracle,0.9282553059762172,0.9232,0.9258633100634894,0.9336888888888889,,
0.25,forest map,random,2,63757,RF-oracle,0.8885867620751342,0.8880888888888888,0.9329870312980334,0.9389777777777778,,
0.25,forest map,random,3,71676,RF-oracle,0.8828831431460349,0.8498666666666668,0.8845140274756673,0.8995555555555556,,
0.25,forest map,random,4,79595,RF-oracle,0.8889889887665418,0.9126222222222222,0.9146595188861345,0.9481333333333334,,
0.25,forest map,random,5,87514,RF-oracle,0.9061981868672877,0.9304888888888889,0.9152003081669705,0.9580444444444445,,
0.25,forest map,random,6,95433,RF-oracle,0.8359898131995736,0.8625777777777778,0.9320582595543037,0.9152444444444444,,
0.25,forest map,random,7,103352,RF-oracle,0.8904867831864798,0.8730666666666667,0.9234822527993842,0.8971111111111112,,
0.25,forest map,random,0,42,CNN-Ensemble,0.7307565639618216,0.7526222222222222,0.8858302763348953,0.8733777777777778,0.0,3.0
0.25,forest map,random,1,55838,CNN-Ensemble,0.7638235980399781,0.8248,0.9258633100634894,0.9336888888888889,0.0,3.0
0.25,forest map,random,2,63757,CNN-Ensemble,0.6951646129401438,0.7916888888888888,0.9329870312980334,0.9389777777777778,0.0,3.0
0.25,forest map,random,3,71676,CNN-Ensemble,0.7322721363570706,0.8116444444444444,0.8845140274756673,0.8995555555555556,0.0,3.0
0.25,forest map,random,4,79595,CNN-Ensemble,0.665642951588351,0.8004888888888889,0.9146595188861345,0.9481333333333334,0.0,3.0
0.25,forest map,random,5,87514,CNN-Ensemble,0.7816273514150157,0.8826666666666667,0.9152003081669705,0.9580444444444445,0.0,3.0
0.25,forest map,random,6,95433,CNN-Ensemble,0.6191295458838431,0.7782666666666667,0.9320582595543037,0.9152444444444444,0.0,3.0
0.25,forest map,random,7,103352,CNN-Ensemble,0.7125674729719218,0.7912,0.9234822527993842,0.8971111111111112,1.0,3.0
0.5,forest map,random,0,42,RF-centre,0.524196491072123,0.7085333333333333,0.9105032228750138,0.9169777777777777,,
0.5,forest map,random,1,55838,RF-centre,0.8357332859253992,0.8490666666666667,0.9251754393118644,0.9188444444444444,,
0.5,forest map,random,2,63757,RF-centre,0.7341410460116223,0.8313333333333333,0.938427965263994,0.9463111111111112,,
0.5,forest map,random,3,71676,RF-centre,0.5950541672685252,0.7785777777777778,0.8725700450502899,0.9389777777777778,,
0.5,forest map,random,4,79595,RF-centre,0.8998224424715828,0.8904,0.9318583367348744,0.9282222222222222,,
0.5,forest map,random,5,87514,RF-centre,0.9025952539425499,0.9069777777777777,0.9227738572881157,0.9507111111111112,,
0.5,forest map,random,6,95433,RF-centre,0.7548928321425793,0.8204444444444444,0.887197982046811,0.9306222222222221,,
0.5,forest map,random,7,103352,RF-centre,0.6943437149301659,0.7692444444444444,0.9346416138774634,0.8997333333333335,,
0.5,forest map,random,0,42,RF-patch,0.5055691729908109,0.6777777777777778,0.9105032228750138,0.9169777777777777,,
0.5,forest map,random,1,55838,RF-patch,0.8474783053145034,0.8508444444444444,0.9251754393118644,0.9188444444444444,,
0.5,forest map,random,2,63757,RF-patch,0.7325583617595751,0.8314222222222222,0.938427965263994,0.9463111111111112,,
0.5,forest map,random,3,71676,RF-patch,0.6317856865076278,0.7985333333333333,0.8725700450502899,0.9389777777777778,,
0.5,forest map,random,4,79595,RF-patch,0.8931703685596507,0.8924444444444444,0.9318583367348744,0.9282222222222222,,
0.5,forest map,random,5,87514,RF-patch,0.9005524984829625,0.9018666666666666,0.9227738572881157,0.9507111111111112,,
0.5,forest map,random,6,95433,RF-patch,0.7380290892121023,0.8203111111111111,0.887197982046811,0.9306222222222221,,
0.5,forest map,random,7,103352,RF-patch,0.6844049378326424,0.7622666666666666,0.9346416138774634,0.8997333333333335,,
0.5,forest map,random,0,42,RF-oracle,0.8712679821647642,0.8698222222222222,0.9105032228750138,0.9169777777777777,,
0.5,forest map,random,1,55838,RF-oracle,0.8993339925999178,0.8928444444444446,0.9251754393118644,0.9188444444444444,,
0.5,forest map,random,2,63757,RF-oracle,0.894591717685752,0.9236888888888888,0.938427965263994,0.9463111111111112,,
0.5,forest map,random,3,71676,RF-oracle,0.8586166512961255,0.8904888888888889,0.8725700450502899,0.9389777777777778,,
0.5,forest map,random,4,79595,RF-oracle,0.8918561317347969,0.8862222222222221,0.9318583367348744,0.9282222222222222,,
0.5,forest map,random,5,87514,RF-oracle,0.9131783222179387,0.9032888888888889,0.9227738572881157,0.9507111111111112,,
0.5,forest map,random,6,95433,RF-oracle,0.8762648473871931,0.8872444444444444,0.887197982046811,0.9306222222222221,,
0.5,forest map,random,7,103352,RF-oracle,0.8559508438982655,0.8468444444444443,0.9346416138774634,0.8997333333333335,,
0.5,forest map,random,0,42,CNN-Ensemble,0.6986153179479772,0.7828444444444445,0.9105032228750138,0.9169777777777777,0.0,3.0
0.5,forest map,random,1,55838,CNN-Ensemble,0.7602817809086767,0.8448444444444445,0.9251754393118644,0.9188444444444444,0.0,3.0
0.5,forest map,random,2,63757,CNN-Ensemble,0.6908490094334382,0.8342666666666667,0.938427965263994,0.9463111111111112,0.0,3.0
0.5,forest map,random,3,71676,CNN-Ensemble,0.7646507183413149,0.8446222222222222,0.8725700450502899,0.9389777777777778,0.0,3.0
0.5,forest map,random,4,79595,CNN-Ensemble,0.7343126034733719,0.8201777777777779,0.9318583367348744,0.9282222222222222,0.0,3.0
0.5,forest map,random,5,87514,CNN-Ensemble,0.7688969877443083,0.8376,0.9227738572881157,0.9507111111111112,0.0,3.0
0.5,forest map,random,6,95433,CNN-Ensemble,0.6508183424260269,0.7833777777777777,0.887197982046811,0.9306222222222221,0.0,3.0
0.5,forest map,random,7,103352,CNN-Ensemble,0.6688616540183779,0.7939111111111111,0.9346416138774634,0.8997333333333335,0.0,3.0
0.75,forest map,random,0,42,RF-centre,0.2729363659596218,0.6274666666666666,0.8819632208515656,0.9274222222222223,,
0.75,forest map,random,1,55838,RF-centre,0.7245880509783442,0.7977333333333334,0.9223694779560954,0.9180444444444444,,
0.75,forest map,random,2,63757,RF-centre,0.616374848609429,0.7645777777777778,0.9196720681015316,0.9313333333333333,,
0.75,forest map,random,3,71676,RF-centre,0.48453782819809105,0.7185333333333332,0.9048044275515359,0.9412444444444446,,
0.75,forest map,random,4,79595,RF-centre,0.8351657240636007,0.8695111111111111,0.9304569351980969,0.9405777777777778,,
0.75,forest map,random,5,87514,RF-centre,0.8075129723663597,0.8555111111111111,0.9200321108371801,0.9385777777777777,,
0.75,forest map,random,6,95433,RF-centre,0.5301445571617461,0.6949333333333333,0.9228777436025021,0.9094222222222221,,
0.75,forest map,random,7,103352,RF-centre,0.4649180546450516,0.6685777777777778,0.9010520914638211,0.857111111111111,,
0.75,forest map,random,0,42,RF-patch,0.3083638707096745,0.6487555555555555,0.8819632208515656,0.9274222222222223,,
0.75,forest map,random,1,55838,RF-patch,0.7183986488738763,0.7906222222222222,0.9223694779560954,0.9180444444444444,,
0.75,forest map,random,2,63757,RF-patch,0.6057351748352758,0.769688888888889,0.9196720681015316,0.9313333333333333,,
0.75,forest map,random,3,71676,RF-patch,0.4931881465349615,0.7323999999999999,0.9048044275515359,0.9412444444444446,,
0.75,forest map,random,4,79595,RF-patch,0.8461480683118701,0.8727111111111112,0.9304569351980969,0.9405777777777778,,
0.75,forest map,random,5,87514,RF-patch,0.816349514994611,0.8522666666666666,0.9200321108371801,0.9385777777777777,,
0.75,forest map,random,6,95433,RF-patch,0.5514043489372105,0.7072444444444445,0.9228777436025021,0.9094222222222221,,
0.75,forest map,random,7,103352,RF-patch,0.48886098734430383,0.6924888888888889,0.9010520914638211,0.857111111111111,,
0.75,forest map,random,0,42,RF-oracle,0.8760462321428278,0.8833333333333334,0.8819632208515656,0.9274222222222223,,
0.75,forest map,random,1,55838,RF-oracle,0.8925921399126656,0.8684,0.9223694779560954,0.9180444444444444,,
0.75,forest map,random,2,63757,RF-oracle,0.8839204880054222,0.9007555555555556,0.9196720681015316,0.9313333333333333,,
0.75,forest map,random,3,71676,RF-oracle,0.9084643162701808,0.9046222222222222,0.9048044275515359,0.9412444444444446,,
0.75,forest map,random,4,79595,RF-oracle,0.8738248202757808,0.8938222222222223,0.9304569351980969,0.9405777777777778,,
0.75,forest map,random,5,87514,RF-oracle,0.887141412682363,0.9016888888888889,0.9200321108371801,0.9385777777777777,,
0.75,forest map,random,6,95433,RF-oracle,0.8774204157823975,0.8668,0.9228777436025021,0.9094222222222221,,
0.75,forest map,random,7,103352,RF-oracle,0.8415177946421627,0.8084444444444443,0.9010520914638211,0.857111111111111,,
0.75,forest map,random,0,42,CNN-Ensemble,0.7521941354903942,0.8414222222222221,0.8819632208515656,0.9274222222222223,0.0,3.0
0.75,forest map,random,1,55838,CNN-Ensemble,0.6924601384459826,0.8081333333333334,0.9223694779560954,0.9180444444444444,0.0,3.0
0.75,forest map,random,2,63757,CNN-Ensemble,0.8020364670718564,0.8366666666666666,0.9196720681015316,0.9313333333333333,0.0,3.0
0.75,forest map,random,3,71676,CNN-Ensemble,0.6033204813386815,0.774,0.9048044275515359,0.9412444444444446,0.0,3.0
0.75,forest map,random,4,79595,CNN-Ensemble,0.7141337125968066,0.8042666666666667,0.9304569351980969,0.9405777777777778,0.0,3.0
0.75,forest map,random,5,87514,CNN-Ensemble,0.8324168046311625,0.8639111111111112,0.9200321108371801,0.9385777777777777,0.0,3.0
0.75,forest map,random,6,95433,CNN-Ensemble,0.7131857020633562,0.8010666666666668,0.9228777436025021,0.9094222222222221,0.0,3.0
0.75,forest map,random,7,103352,CNN-Ensemble,0.43913687929865886,0.6116444444444444,0.9010520914638211,0.857111111111111,0.0,3.0
1.0,forest map,random,0,42,RF-centre,0.24882809808997877,0.635288888888889,0.9025620031140714,0.9490222222222222,,
1.0,forest map,random,1,55838,RF-centre,0.09258415011101848,0.5455111111111112,0.935051109652166,0.9119777777777778,,
1.0,forest map,random,2,63757,RF-centre,0.4358199535550395,0.6949777777777777,0.9168266616467295,0.9583111111111111,,
1.0,forest map,random,3,71676,RF-centre,0.43560395115501277,0.6903555555555556,0.9116369837942725,0.9522666666666667,,
1.0,forest map,random,4,79595,RF-centre,0.17993933265925174,0.5720444444444445,0.9372748763573737,0.8501333333333333,,
1.0,forest map,random,5,87514,RF-centre,0.1701636684852054,0.590488888888889,0.9097693122724533,0.8448444444444444,,
1.0,forest map,random,6,95433,RF-centre,0.2511121234680385,0.6569777777777779,0.925276647488005,0.9296888888888889,,
1.0,forest map,random,7,103352,RF-centre,0.19441682685363168,0.5966222222222222,0.918221475320186,0.8682222222222222,,
1.0,forest map,random,0,42,RF-patch,0.2821333570373004,0.6482222222222223,0.9025620031140714,0.9490222222222222,,
1.0,forest map,random,1,55838,RF-patch,0.18163426056225854,0.5788888888888889,0.935051109652166,0.9119777777777778,,
1.0,forest map,random,2,63757,RF-patch,0.48396004400048886,0.7204444444444444,0.9168266616467295,0.9583111111111111,,
1.0,forest map,random,3,71676,RF-patch,0.4774706385626507,0.6992888888888888,0.9116369837942725,0.9522666666666667,,
1.0,forest map,random,4,79595,RF-patch,0.3367090745452727,0.6127555555555555,0.9372748763573737,0.8501333333333333,,
1.0,forest map,random,5,87514,RF-patch,0.3276978633095923,0.5793777777777778,0.9097693122724533,0.8448444444444444,,
1.0,forest map,random,6,95433,RF-patch,0.3129936999299992,0.6942222222222223,0.925276647488005,0.9296888888888889,,
1.0,forest map,random,7,103352,RF-patch,0.31116834631495904,0.6253777777777777,0.918221475320186,0.8682222222222222,,
1.0,forest map,random,0,42,RF-oracle,0.8949694773118197,0.9014666666666667,0.9025620031140714,0.9490222222222222,,
1.0,forest map,random,1,55838,RF-oracle,0.9099452658233571,0.8833777777777778,0.935051109652166,0.9119777777777778,,
1.0,forest map,random,2,63757,RF-oracle,0.9267233574216059,0.9347555555555556,0.9168266616467295,0.9583111111111111,,
1.0,forest map,random,3,71676,RF-oracle,0.9109001544354113,0.9182222222222223,0.9116369837942725,0.9522666666666667,,
1.0,forest map,random,4,79595,RF-oracle,0.900294003266703,0.8309777777777778,0.9372748763573737,0.8501333333333333,,
1.0,forest map,random,5,87514,RF-oracle,0.9070144009393939,0.8083555555555557,0.9097693122724533,0.8448444444444444,,
1.0,forest map,random,6,95433,RF-oracle,0.9189154413962437,0.9001333333333332,0.925276647488005,0.9296888888888889,,
1.0,forest map,random,7,103352,RF-oracle,0.9113932377026411,0.8625333333333334,0.918221475320186,0.8682222222222222,,
1.0,forest map,random,0,42,CNN-Ensemble,0.7388650985010944,0.837111111111111,0.9025620031140714,0.9490222222222222,0.0,3.0
1.0,forest map,random,1,55838,CNN-Ensemble,0.6222147604100928,0.7497333333333334,0.935051109652166,0.9119777777777778,0.0,3.0
1.0,forest map,random,2,63757,CNN-Ensemble,0.8824035822620252,0.9189333333333334,0.9168266616467295,0.9583111111111111,0.0,3.0
1.0,forest map,random,3,71676,CNN-Ensemble,0.8102645584950943,0.8575111111111111,0.9116369837942725,0.9522666666666667,0.0,3.0
1.0,forest map,random,4,79595,CNN-Ensemble,0.723742263802931,0.7349777777777777,0.9372748763573737,0.8501333333333333,0.0,3.0
1.0,forest map,random,5,87514,CNN-Ensemble,0.5973181924243602,0.7099555555555556,0.9097693122724533,0.8448444444444444,0.0,3.0
1.0,forest map,random,6,95433,CNN-Ensemble,0.6784288714319048,0.8085777777777777,0.925276647488005,0.9296888888888889,0.0,3.0
1.0,forest map,random,7,103352,CNN-Ensemble,0.7004828942543806,0.7759555555555556,0.918221475320186,0.8682222222222222,0.0,3.0
