alpha,w_source,arm,pooled_init_sd_rho,init_sd_rho_min,init_sd_rho_max,n_species,n_inits_per_species,cnn_fits_unlearned,cnn_fits_total,unlearned_condition,n_val,val_prevalence,val_auc_floor
0.0,random field,extrap,0.1132830636283411,0.034624875478068994,0.22473391984933944,8,3,2,24,False,300,0.5,0.5667776853391854
0.25,random field,extrap,0.10259359105080976,0.028892536407033778,0.19405696123854915,8,3,2,24,False,300,0.5,0.5667776853391854
0.5,random field,extrap,0.14654866415825105,0.016197582638471698,0.31184517497850267,8,3,0,24,False,300,0.5,0.5667776853391854
0.75,random field,extrap,0.18307844435052165,0.03932903719751511,0.3260151356622097,8,3,6,24,False,300,0.5,0.5667776853391854
1.0,random field,extrap,0.2037460714086461,0.030777868884243546,0.346993515416983,8,3,10,24,False,300,0.5,0.5667776853391854
0.0,random field,random,0.03419218658690613,0.006698650965178188,0.05281012301923112,8,3,0,24,False,300,0.5,0.5667776853391854
0.25,random field,random,0.06713465680420136,0.004266496620655814,0.12832903675622467,8,3,0,24,False,300,0.5,0.5667776853391854
0.5,random field,random,0.07339045522730656,0.025463094073468123,0.11444129043491819,8,3,0,24,False,300,0.5,0.5667776853391854
0.75,random field,random,0.15756915244179717,0.031565141331738246,0.30443999569711727,8,3,2,24,False,300,0.5,0.5667776853391854
1.0,random field,random,0.28031333268470854,0.08881233644250026,0.3946750210152409,8,3,9,24,False,300,0.5,0.5667776853391854
0.0,forest map,extrap,0.10371378956842994,0.014958312826197253,0.2485485301421984,8,3,3,24,False,300,0.5,0.5667776853391854
0.25,forest map,extrap,0.08759025868894127,0.04050722045046484,0.13271814361896825,8,3,4,24,False,300,0.5,0.5667776853391854
0.5,forest map,extrap,0.19753017480726368,0.028006114931472453,0.40106492297342927,8,3,1,24,False,300,0.5,0.5667776853391854
0.75,forest map,extrap,0.16917466703960315,0.01739254201713433,0.2836938294808694,8,3,0,24,False,300,0.5,0.5667776853391854
1.0,forest map,extrap,0.20005623593434627,0.10985697242840038,0.300076720180689,8,3,0,24,False,300,0.5,0.5667776853391854
0.0,forest map,random,0.08595133690756938,0.006197906592919345,0.19862488438294712,8,3,0,24,False,300,0.5,0.5667776853391854
0.25,forest map,random,0.11079576090480127,0.012026523255569984,0.2361191605753697,8,3,1,24,False,300,0.5,0.5667776853391854
0.5,forest map,random,0.09561731364017102,0.012608479958768437,0.22402161155456546,8,3,0,24,False,300,0.5,0.5667776853391854
0.75,forest map,random,0.1262871618486436,0.027025553207292597,0.24686491234149954,8,3,0,24,False,300,0.5,0.5667776853391854
1.0,forest map,random,0.14830228142052695,0.021713648956608617,0.23755936650970028,8,3,0,24,False,300,0.5,0.5667776853391854
