alpha,w_source,arm,model,n_species,rho_mean,rho_median,auc_mean,auc_median,rho_ceiling_patch_mean,rho_ceiling_patch_median,auc_ceiling_labelnoise_mean,auc_ceiling_labelnoise_median,share_of_ceiling_mean,share_of_ceiling_median,cnn_fits_unlearned,cnn_fits_total,contrast_mean,contrast_median,contrast_min,contrast_max,n_species_cnn_above_rfpatch
0.0,random field,extrap,RF-centre,8,0.7215873162030442,0.7033500372226358,0.7653027777777778,0.7783333333333333,,,0.8415333333333332,0.8675333333333333,,,2,24,,,,,
0.0,random field,extrap,RF-patch,8,0.7178043644929387,0.7032224802497804,0.7636166666666666,0.7777333333333333,,,0.8415333333333332,0.8675333333333333,,,2,24,,,,,
0.0,random field,extrap,RF-oracle,8,0.7177687529861443,0.7039258213980155,0.7602666666666666,0.7673555555555556,,,0.8415333333333332,0.8675333333333333,,,2,24,,,,,
0.0,random field,extrap,CNN-Ensemble,8,0.3637358748430538,0.4081529794775497,0.6192722222222222,0.6438666666666667,,,0.8415333333333332,0.8675333333333333,,,2,24,-0.35406848964988497,-0.3552079467549639,-0.45313792375470835,-0.21319392437693752,0.0
0.25,random field,extrap,RF-centre,8,0.64169472445714,0.6629069211880132,0.7403777777777778,0.7422444444444445,0.9257827807256458,0.9265970834616899,0.8705,0.8925111111111111,0.6927589778184025,0.7161584113046302,2,24,,,,,
0.25,random field,extrap,RF-patch,8,0.636681170647094,0.662238691541017,0.7394444444444443,0.7337111111111111,0.9257827807256458,0.9265970834616899,0.8705,0.8925111111111111,0.6874365536533408,0.7155465928406946,2,24,,,,,
0.25,random field,extrap,RF-oracle,8,0.7817984036253537,0.7752812809031211,0.7988277777777778,0.7959555555555555,0.9257827807256458,0.9265970834616899,0.8705,0.8925111111111111,0.8444307413976792,0.8375512007288934,2,24,,,,,
0.25,random field,extrap,CNN-Ensemble,8,0.34854496347048325,0.4293847709418993,0.6239194444444445,0.6669777777777778,0.9257827807256458,0.9265970834616899,0.8705,0.8925111111111111,0.37680463429923494,0.46507233972237083,2,24,-0.2881362071766107,-0.30053719852976024,-0.6225433615929066,0.0646891632129245,1.0
0.5,random field,extrap,RF-centre,8,0.520497431407388,0.5757439527105856,0.7145777777777778,0.7169555555555556,0.9352023202179855,0.9360600827297743,0.8899666666666666,0.9096444444444445,0.554115263362206,0.606110134062781,0,24,,,,,
0.5,random field,extrap,RF-patch,8,0.5245054945054946,0.5935543728263647,0.7187111111111111,0.7183111111111111,0.9352023202179855,0.9360600827297743,0.8899666666666666,0.9096444444444445,0.5584160769489717,0.6249133712386896,0,24,,,,,
0.5,random field,extrap,RF-oracle,8,0.8150272225246946,0.8403420038000422,0.830338888888889,0.8657777777777778,0.9352023202179855,0.9360600827297743,0.8899666666666666,0.9096444444444445,0.8715542928667178,0.8944042866796258,0,24,,,,,
0.5,random field,extrap,CNN-Ensemble,8,0.4786161512905699,0.5263945154946166,0.6952555555555555,0.7272,0.9352023202179855,0.9360600827297743,0.8899666666666666,0.9096444444444445,0.511085947018131,0.558413994447845,0,24,-0.04588934321492461,-0.15846242736030403,-0.2680558672874143,0.35787108745652735,2.0
0.75,random field,extrap,RF-centre,8,0.3626326959188435,0.40380670896343285,0.6482722222222222,0.6705777777777777,0.9280011081736342,0.9262385729651029,0.8977277777777778,0.9157777777777778,0.3901531885657721,0.4256950882672491,6,24,,,,,
0.75,random field,extrap,RF-patch,8,0.3781965910732341,0.40502250025000275,0.6500777777777778,0.6683333333333333,0.9280011081736342,0.9262385729651029,0.8977277777777778,0.9157777777777778,0.4067651225566533,0.438887661221404,6,24,,,,,
0.75,random field,extrap,RF-oracle,8,0.8366032400360004,0.8614895721063567,0.8484166666666666,0.8679333333333333,0.9280011081736342,0.9262385729651029,0.8977277777777778,0.9157777777777778,0.9018904520305899,0.9167504353812546,6,24,,,,,
0.75,random field,extrap,CNN-Ensemble,8,0.4847828309203435,0.5148441649351658,0.6926388888888888,0.7197777777777778,0.9280011081736342,0.9262385729651029,0.8977277777777778,0.9157777777777778,0.5228487498720671,0.5582819117932161,6,24,0.10658623984710938,0.007873643040478218,-0.17158457316192405,0.4524116934632607,4.0
1.0,random field,extrap,RF-centre,8,-0.023739429608356413,-0.015613062367359636,0.4859833333333333,0.4795777777777779,0.927221817067791,0.9186746698740931,0.893425,0.9151555555555556,-0.025070039846370063,-0.017168430148776555,10,24,,,,,
1.0,random field,extrap,RF-patch,8,0.011469517296934581,-0.001739908607853154,0.49697222222222226,0.5062888888888889,0.927221817067791,0.9186746698740931,0.893425,0.9151555555555556,0.012010926080907373,-0.0019007005189232947,10,24,,,,,
1.0,random field,extrap,RF-oracle,8,0.8871975366702057,0.891745624169305,0.8671111111111112,0.891888888888889,0.927221817067791,0.9186746698740931,0.893425,0.9151555555555556,0.9570708494620506,0.9590687792296573,10,24,,,,,
1.0,random field,extrap,CNN-Ensemble,8,0.4116299698092587,0.45828478108180737,0.66465,0.670088888888889,0.927221817067791,0.9186746698740931,0.893425,0.9151555555555556,0.4432061779205539,0.5028924536230734,10,24,0.40016045251232407,0.43638209489578167,-0.06446960521783575,0.897410860120668,6.0
0.0,random field,random,RF-centre,8,0.9066451548281751,0.9093932154801719,0.9051333333333333,0.9240222222222222,,,0.9324333333333333,0.9450222222222222,,,0,24,,,,,
0.0,random field,random,RF-patch,8,0.9025475858087358,0.9041373793042145,0.9039055555555555,0.9238222222222222,,,0.9324333333333333,0.9450222222222222,,,0,24,,,,,
0.0,random field,random,RF-oracle,8,0.90096633586725,0.904971388570984,0.9030333333333334,0.9246222222222222,,,0.9324333333333333,0.9450222222222222,,,0,24,,,,,
0.0,random field,random,CNN-Ensemble,8,0.7162934032600361,0.7299692218802432,0.8231277777777778,0.8260444444444446,,,0.9324333333333333,0.9450222222222222,,,0,24,-0.18625418254869963,-0.1666082956477294,-0.31993866598517773,-0.1303530039222658,0.0
0.25,random field,random,RF-centre,8,0.8190832838069744,0.8433499411432657,0.8693722222222222,0.8915777777777778,0.935733002026215,0.935643109511495,0.9362444444444444,0.9406222222222222,0.8754996052167049,0.9149581654820914,0,24,,,,,
0.25,random field,random,RF-patch,8,0.81495269807051,0.8386191806920705,0.8707222222222222,0.8928,0.935733002026215,0.935643109511495,0.9362444444444444,0.9406222222222222,0.8710535776735058,0.9076677519349559,0,24,,,,,
0.25,random field,random,RF-oracle,8,0.8835063718403854,0.8925772765189794,0.8993166666666668,0.905,0.935733002026215,0.935643109511495,0.9362444444444444,0.9406222222222222,0.9442193130657752,0.9513373955846989,0,24,,,,,
0.25,random field,random,CNN-Ensemble,8,0.6647831642573806,0.6907896754408382,0.7958166666666666,0.8223555555555556,0.935733002026215,0.935643109511495,0.9362444444444444,0.9406222222222222,0.7099528981801612,0.7477985258959972,0,24,-0.15016953381312934,-0.15305725619173544,-0.32010266780741997,0.05528905876731971,2.0
0.5,random field,random,RF-centre,8,0.7065803011551988,0.7181224235824843,0.8059055555555555,0.7919555555555555,0.9364536061742472,0.9340430593983544,0.9216166666666668,0.9249333333333334,0.7536901649860881,0.7602358404940879,0,24,,,,,
0.5,random field,random,RF-patch,8,0.7040612673474149,0.7103441149346104,0.8048500000000001,0.7851111111111111,0.9364536061742472,0.9340430593983544,0.9216166666666668,0.9249333333333334,0.7510233227594867,0.751909868662221,0,24,,,,,
0.5,random field,random,RF-oracle,8,0.8859895665507393,0.8899883332037022,0.8778055555555555,0.8847111111111111,0.9364536061742472,0.9340430593983544,0.9216166666666668,0.9249333333333334,0.9460578547995142,0.9513225921609316,0,24,,,,,
0.5,random field,random,CNN-Ensemble,8,0.5848604984499828,0.6915421282458694,0.7641166666666666,0.7883777777777778,0.9364536061742472,0.9340430593983544,0.9216166666666668,0.9249333333333334,0.6231045891805631,0.7286815106653299,0,24,-0.11920076889743218,-0.144987388748764,-0.3105216724630273,0.14477005300058898,1.0
0.75,random field,random,RF-centre,8,0.5510424815503285,0.5768906321181346,0.7262000000000001,0.7305777777777778,0.9298882786469349,0.9262011314073846,0.9251722222222222,0.932288888888889,0.5918752917101642,0.6271192289396211,2,24,,,,,
0.75,random field,random,RF-patch,8,0.5583427798676495,0.5804300047778308,0.7292777777777778,0.7375777777777779,0.9298882786469349,0.9262011314073846,0.9251722222222222,0.932288888888889,0.5996636957303195,0.6306500626169568,2,24,,,,,
0.75,random field,random,RF-oracle,8,0.8717908745796081,0.875588269661961,0.8776277777777777,0.8896,0.9298882786469349,0.9262011314073846,0.9251722222222222,0.932288888888889,0.937407196384578,0.9481498763968554,2,24,,,,,
0.75,random field,random,CNN-Ensemble,8,0.6419589106545629,0.6620055778397538,0.7714111111111112,0.7863111111111112,0.9298882786469349,0.9262011314073846,0.9251722222222222,0.932288888888889,0.6895446111193528,0.7132711746006974,2,24,0.0836161307869133,-0.006644673631354292,-0.14837053745041606,0.4353448371648574,4.0
1.0,random field,random,RF-centre,8,0.021507074568980874,0.0378363112975679,0.4977777777777778,0.504,0.9163821091730089,0.9232876639010389,0.8916888888888889,0.8976444444444445,0.02304752686313851,0.042439081622438916,9,24,,,,,
1.0,random field,random,RF-patch,8,0.03055347870596787,0.03941010699853739,0.49864444444444445,0.5007999999999999,0.9163821091730089,0.9232876639010389,0.8916888888888889,0.8976444444444445,0.033047816946996524,0.042007851038786584,9,24,,,,,
1.0,random field,random,RF-oracle,8,0.8700257267445302,0.8823847708708568,0.8589111111111112,0.8747777777777779,0.9163821091730089,0.9232876639010389,0.8916888888888889,0.8976444444444445,0.9504737499866787,0.961389982064345,9,24,,,,,
1.0,random field,random,CNN-Ensemble,8,0.5229464074779135,0.5206506210144555,0.7058111111111112,0.6976,0.9163821091730089,0.9232876639010389,0.8916888888888889,0.8976444444444445,0.5710194742498498,0.559379685993125,9,24,0.4923929287719457,0.5044941340696947,0.09345348281647575,0.7895199712796825,8.0
0.0,forest map,extrap,RF-centre,8,0.7424455128018022,0.7456818409093435,0.7849527777777778,0.825288888888889,,,0.8541055555555556,0.8891333333333333,,,3,24,,,,,
0.0,forest map,extrap,RF-patch,8,0.730766120105194,0.7367017785682088,0.7834361111111112,0.8143777777777778,,,0.8541055555555556,0.8891333333333333,,,3,24,,,,,
0.0,forest map,extrap,RF-oracle,8,0.725506837234831,0.7282774628015898,0.7807138888888889,0.8164444444444445,,,0.8541055555555556,0.8891333333333333,,,3,24,,,,,
0.0,forest map,extrap,CNN-Ensemble,8,0.36103601151123904,0.4141821575795287,0.6421277777777777,0.6454,,,0.8541055555555556,0.8891333333333333,,,3,24,-0.36973010859395494,-0.41532302363392026,-0.4990508783430927,-0.16666274069711878,0.0
0.25,forest map,extrap,RF-centre,8,0.6008553901617069,0.6450680914456097,0.7295,0.7258222222222221,0.940423019311874,0.9444010434573735,0.8660888888888889,0.9016,0.6376857181165445,0.679347334208602,4,24,,,,,
0.25,forest map,extrap,RF-patch,8,0.5711724754093868,0.6320546501347528,0.719175,0.7052444444444443,0.940423019311874,0.9444010434573735,0.8660888888888889,0.9016,0.6058760392570576,0.665809825142321,4,24,,,,,
0.25,forest map,extrap,RF-oracle,8,0.7633777415778326,0.7627289192102135,0.7923277777777777,0.7798,0.940423019311874,0.9444010434573735,0.8660888888888889,0.9016,0.8122179054135651,0.8277630035045114,4,24,,,,,
0.25,forest map,extrap,CNN-Ensemble,8,0.39304104192860123,0.4857589528772541,0.6729833333333333,0.6834,0.940423019311874,0.9444010434573735,0.8660888888888889,0.9016,0.4180760744640588,0.5189138033256295,4,24,-0.1781314334807856,-0.24825898065534063,-0.5608441434451383,0.23977155301725572,2.0
0.5,forest map,extrap,RF-centre,8,0.5225370281892021,0.5814631273680819,0.6982611111111111,0.700288888888889,0.9464891557558115,0.9469272935847712,0.8878444444444444,0.8897777777777778,0.5504108640304081,0.6051567270043021,1,24,,,,,
0.5,forest map,extrap,RF-patch,8,0.531636684852054,0.5843300481116457,0.6988055555555556,0.7093999999999999,0.9464891557558115,0.9469272935847712,0.8878444444444444,0.8897777777777778,0.5600959852890943,0.6081023038604525,1,24,,,,,
0.5,forest map,extrap,RF-oracle,8,0.8163380734939519,0.836438371436869,0.8210944444444443,0.8407777777777777,0.9464891557558115,0.9469272935847712,0.8878444444444444,0.8897777777777778,0.8627796845426894,0.8931124822743286,1,24,,,,,
0.5,forest map,extrap,CNN-Ensemble,8,0.5151222306063514,0.5741090456560628,0.6924694444444445,0.7102444444444445,0.9464891557558115,0.9469272935847712,0.8878444444444444,0.8897777777777778,0.5440441375177749,0.6009189369846006,1,24,-0.016514454245702526,-0.09868287425415845,-0.3049882214388142,0.36213380148668317,2.0
0.75,forest map,extrap,RF-centre,8,0.3479609773441926,0.3582030911454571,0.6425611111111111,0.6409333333333332,0.936154597053328,0.937520455199567,0.9038666666666666,0.9185777777777777,0.3708812230757149,0.3793551023418008,0,24,,,,,
0.75,forest map,extrap,RF-patch,8,0.3609010100112223,0.3757639529328104,0.6508499999999999,0.6636666666666666,0.936154597053328,0.937520455199567,0.9038666666666666,0.9185777777777777,0.3845555611861947,0.39801422662736663,0,24,,,,,
0.75,forest map,extrap,RF-oracle,8,0.8462042203372281,0.878784653162813,0.8508611111111111,0.8749777777777779,0.936154597053328,0.937520455199567,0.9038666666666666,0.9185777777777777,0.9044361721570695,0.9272809462104561,0,24,,,,,
0.75,forest map,extrap,CNN-Ensemble,8,0.5766797238704575,0.541873131923688,0.7351555555555556,0.7118,0.936154597053328,0.937520455199567,0.9038666666666666,0.9185777777777777,0.6174057888515967,0.5715687785207337,0,24,0.2157787138592352,0.17431060345114943,-0.06655362837364875,0.6400551117234635,6.0
1.0,forest map,extrap,RF-centre,8,0.1379589238916413,0.1241349433359848,0.5520222222222222,0.5384888888888889,0.9488633736317889,0.9512340526374461,0.9160777777777778,0.9099777777777778,0.14592252003197698,0.13063418771927315,0,24,,,,,
1.0,forest map,extrap,RF-patch,8,0.1974357517317752,0.17589440860934177,0.5839277777777778,0.5802222222222222,0.9488633736317889,0.9512340526374461,0.9160777777777778,0.9099777777777778,0.20825114541113018,0.18503337542003923,0,24,,,,,
1.0,forest map,extrap,RF-oracle,8,0.9188271582472536,0.9218175757508416,0.8939333333333334,0.8932222222222223,0.9488633736317889,0.9512340526374461,0.9160777777777778,0.9099777777777778,0.9684124978433863,0.9701195352891028,0,24,,,,,
1.0,forest map,extrap,CNN-Ensemble,8,0.6765049974370642,0.7095109945666063,0.7889833333333334,0.7935333333333333,0.9488633736317889,0.9512340526374461,0.9160777777777778,0.9099777777777778,0.7129607480236169,0.7498719128664837,0,24,0.47906924570528897,0.5134245936065955,0.19486527628084757,0.6179673107478971,8.0
0.0,forest map,random,RF-centre,8,0.9059803966073633,0.9027186968744098,0.8894444444444445,0.9135777777777778,,,0.919663888888889,0.9394888888888888,,,0,24,,,,,
0.0,forest map,random,RF-patch,8,0.8999016789396176,0.9015326836964854,0.8885722222222222,0.9126222222222222,,,0.919663888888889,0.9394888888888888,,,0,24,,,,,
0.0,forest map,random,RF-oracle,8,0.9009387431492283,0.9004095601062234,0.8887222222222222,0.9146444444444444,,,0.919663888888889,0.9394888888888888,,,0,24,,,,,
0.0,forest map,random,CNN-Ensemble,8,0.7056084617917256,0.7429246991633239,0.8006388888888889,0.8079555555555555,,,0.919663888888889,0.9394888888888888,,,0,24,-0.19429321714789194,-0.1561408460094001,-0.3616253513927933,-0.10233758152868366,0.0
0.25,forest map,random,RF-centre,8,0.8237941762277595,0.8419280214224603,0.8573111111111111,0.8722888888888889,0.9143243730723598,0.9193412804831773,0.9205166666666666,0.9244666666666667,0.9000580755038519,0.910136866108592,1,24,,,,,
0.25,forest map,random,RF-patch,8,0.8215824694029074,0.8397288858765097,0.8550277777777778,0.8698222222222223,0.9143243730723598,0.9193412804831773,0.9205166666666666,0.9244666666666667,0.897630262197066,0.911093525823113,1,24,,,,,
0.25,forest map,random,RF-oracle,8,0.8855552660315268,0.888787875420838,0.8839166666666667,0.8805777777777777,0.9143243730723598,0.9193412804831773,0.9205166666666666,0.9244666666666667,0.9688418746203086,0.9731107917901394,1,24,,,,,
0.25,forest map,random,CNN-Ensemble,8,0.7126230291447682,0.7216620184668717,0.8041722222222222,0.7960888888888888,0.9143243730723598,0.9193412804831773,0.9205166666666666,0.9244666666666667,0.7800714089301852,0.7982744891411531,1,24,-0.10895944025813918,-0.13145326738336166,-0.22358870654118368,0.1387490972121912,1.0
0.5,forest map,random,RF-centre,8,0.7425974042205685,0.7445169390771008,0.8193222222222223,0.8258888888888889,0.9153935578060534,0.92397464829999,0.9288000000000001,0.9294222222222221,0.8101045722395406,0.8165912279658576,0,24,,,,,
0.5,forest map,random,RF-patch,8,0.7416935525824844,0.7352937254858387,0.8169333333333333,0.8258666666666666,0.9153935578060534,0.92397464829999,0.9288000000000001,0.9294222222222221,0.809311076113053,0.8062440299357099,0,24,,,,,
0.5,forest map,random,RF-oracle,8,0.8826325611230942,0.884060489560995,0.8875555555555554,0.8888666666666667,0.9153935578060534,0.92397464829999,0.9288000000000001,0.9294222222222221,0.9645538179097726,0.9645706263492178,0,24,,,,,
0.5,forest map,random,CNN-Ensemble,8,0.7171608017866865,0.7164639607106745,0.8177055555555557,0.8272222222222223,0.9153935578060534,0.92397464829999,0.9288000000000001,0.9294222222222221,0.78400086078029,0.777646837168419,0,24,-0.024532750795797906,-0.06445293836598182,-0.1588577650862788,0.1930461449571662,2.0
0.75,forest map,random,RF-centre,8,0.5920223002477805,0.5732597028855876,0.7496055555555555,0.7415555555555555,0.9129035094452911,0.9198520894693558,0.9204666666666668,0.9293777777777779,0.6458090494879822,0.6223293900531963,0,24,,,,,
0.75,forest map,random,RF-patch,8,0.603556095067723,0.5785697618862431,0.7582722222222222,0.7510444444444444,0.9129035094452911,0.9198520894693558,0.9204666666666668,0.9293777777777779,0.6586173508761205,0.6280631027025487,0,24,,,,,
0.75,forest map,random,RF-oracle,8,0.880115952464225,0.8806704518939099,0.8784833333333334,0.8885777777777779,0.9129035094452911,0.9198520894693558,0.9204666666666668,0.9293777777777779,0.9642794837335105,0.9626881095558201,0,24,,,,,
0.75,forest map,random,CNN-Ensemble,8,0.6936105401171123,0.7136597073300814,0.7926388888888889,0.8062,0.9129035094452911,0.9198520894693558,0.9204666666666668,0.9293777777777779,0.7593640916076589,0.7701466037502899,0,24,0.09005444504938942,0.0630998122201358,-0.13201435571506348,0.44383026478071963,5.0
1.0,forest map,random,RF-centre,8,0.2510585130471471,0.22162246247180523,0.6227833333333334,0.6159555555555556,0.9195773837056572,0.9175240684834578,0.9080583333333333,0.9208333333333334,0.27375427740122305,0.2415616761331373,0,24,,,,,
1.0,forest map,random,RF-patch,8,0.3392209105328152,0.32034578161979577,0.6448222222222222,0.6368,0.9195773837056572,0.9175240684834578,0.9080583333333333,0.9208333333333334,0.3693813565107166,0.3490620969655885,0,24,,,,,
1.0,forest map,random,RF-oracle,8,0.910019417287147,0.9104227101293842,0.8799777777777777,0.8917555555555555,0.9195773837056572,0.9175240684834578,0.9080583333333333,0.9208333333333334,0.989741148602675,0.9928443516656095,0,24,,,,,
1.0,forest map,random,CNN-Ensemble,8,0.7192150276977354,0.7121125790286558,0.7990944444444444,0.7922666666666667,0.9195773837056572,0.9175240684834578,0.9080583333333333,0.9208333333333334,0.7825180554990236,0.7675231927177442,0,24,0.37999411716492015,0.38817386859854,0.26962032911476796,0.45673174146379397,8.0
