w_source,window_px,r_m,mu_P_derived,frac_woody_realized,species_seed,mu_E,sig_E,quantity,value
grf,33,1600.0,0.3000364601612091,0.3001883029937744,42,0.8331067055424707,0.6796499751853639,redundancy_raw_E_given_Pw,0.6989725392216926
grf,33,1600.0,0.3000364601612091,0.3001883029937744,42,0.8331067055424707,0.6796499751853639,redundancy_Eperp_given_Pw,0.005493135642929138
grf,33,1600.0,0.3000364601612091,0.3001883029937744,42,0.8331067055424707,0.6796499751853639,Eperp_mean,3.701242867748533e-09
grf,33,1600.0,0.3000364601612091,0.3001883029937744,42,0.8331067055424707,0.6796499751853639,Eperp_sd,0.9999997019767761
grf,33,1600.0,0.3000364601612091,0.3001883029937744,42,0.8331067055424707,0.6796499751853639,Eperp_nan_inside_inner,0.0
grf,33,1600.0,0.3000364601612091,0.3001883029937744,42,0.8331067055424707,0.6796499751853639,spearman_E_raw_vs_PC1,-0.000724468375492695
grf,33,1600.0,0.3000364601612091,0.3001883029937744,42,0.8331067055424707,0.6796499751853639,spearman_E_raw_vs_PC2,0.0026656243637328122
grf,33,1600.0,0.3000364601612091,0.3001883029937744,42,0.8331067055424707,0.6796499751853639,spearman_P_w_vs_PC1,0.007109642152073915
grf,33,1600.0,0.3000364601612091,0.3001883029937744,42,0.8331067055424707,0.6796499751853639,spearman_P_w_vs_PC2,-0.0014248221335343267
grf,33,1600.0,0.3000364601612091,0.3001883029937744,42,0.8331067055424707,0.6796499751853639,spearman_E_perp_vs_PC1,-0.004972143654686214
grf,33,1600.0,0.3000364601612091,0.3001883029937744,42,0.8331067055424707,0.6796499751853639,spearman_E_perp_vs_PC2,0.005346347377019124
grf,33,1600.0,0.3000364601612091,0.3001883029937744,42,0.8331067055424707,0.6796499751853639,spearman_S_config_vs_PC1,-0.0014151150011651684
grf,33,1600.0,0.3000364601612091,0.3001883029937744,42,0.8331067055424707,0.6796499751853639,spearman_S_config_vs_PC2,0.002726042007852234
landuse,33,1600.0,0.4106881320476532,0.40871167182922363,42,0.8331067055424707,0.6796499751853639,redundancy_raw_E_given_Pw,0.631621678455661
landuse,33,1600.0,0.4106881320476532,0.40871167182922363,42,0.8331067055424707,0.6796499751853639,redundancy_Eperp_given_Pw,0.0037552240413106924
landuse,33,1600.0,0.4106881320476532,0.40871167182922363,42,0.8331067055424707,0.6796499751853639,Eperp_mean,-7.420637881949688e-09
landuse,33,1600.0,0.4106881320476532,0.40871167182922363,42,0.8331067055424707,0.6796499751853639,Eperp_sd,1.000000238418579
landuse,33,1600.0,0.4106881320476532,0.40871167182922363,42,0.8331067055424707,0.6796499751853639,Eperp_nan_inside_inner,0.0
landuse,33,1600.0,0.4106881320476532,0.40871167182922363,42,0.8331067055424707,0.6796499751853639,spearman_E_raw_vs_PC1,0.14090534959879467
landuse,33,1600.0,0.4106881320476532,0.40871167182922363,42,0.8331067055424707,0.6796499751853639,spearman_E_raw_vs_PC2,-0.11196863581785167
landuse,33,1600.0,0.4106881320476532,0.40871167182922363,42,0.8331067055424707,0.6796499751853639,spearman_P_w_vs_PC1,0.5528707324102815
landuse,33,1600.0,0.4106881320476532,0.40871167182922363,42,0.8331067055424707,0.6796499751853639,spearman_P_w_vs_PC2,0.09322304193529402
landuse,33,1600.0,0.4106881320476532,0.40871167182922363,42,0.8331067055424707,0.6796499751853639,spearman_E_perp_vs_PC1,0.014979696145156826
landuse,33,1600.0,0.4106881320476532,0.40871167182922363,42,0.8331067055424707,0.6796499751853639,spearman_E_perp_vs_PC2,-0.10860825172443898
landuse,33,1600.0,0.4106881320476532,0.40871167182922363,42,0.8331067055424707,0.6796499751853639,spearman_S_config_vs_PC1,0.04353101829366557
landuse,33,1600.0,0.4106881320476532,0.40871167182922363,42,0.8331067055424707,0.6796499751853639,spearman_S_config_vs_PC2,-0.07381305174206541
