cell,arm,n_ref,n_query,max_abs_r_reference,check,variant,K,value
0,extrap,2000,300,0.6043385124949254,rotation,pipeline (with PCA),5,1.9469931568270318
0,extrap,2000,300,0.6043385124949254,rotation,PCA line removed,5,1.9469931539750225
0,extrap,2000,300,0.6043385124949254,rotation,abs difference,5,2.852009295395419e-09
0,extrap,2000,300,0.6043385124949254,K,K=1,1,2.258526113640074
0,extrap,2000,300,0.6043385124949254,K,K=3,3,2.0454421020376152
0,extrap,2000,300,0.6043385124949254,K,K=5,5,1.9469931568270318
0,extrap,2000,300,0.6043385124949254,K,K=10,10,1.8246802050595472
0,extrap,2000,300,0.6043385124949254,K,K=20,20,1.7124902514618414
0,extrap,2000,300,0.6043385124949254,whitening,current (rotation only),5,1.9469931568270318
0,extrap,2000,300,0.6043385124949254,whitening,PCA(whiten=True),5,3.060545037356613
0,extrap,2000,300,0.6043385124949254,scaling,eds_norm (z on reference),5,2.5637333634316195
1,extrap,2000,300,0.5607335776527116,rotation,pipeline (with PCA),5,1.989383426576385
1,extrap,2000,300,0.5607335776527116,rotation,PCA line removed,5,1.989383455888983
1,extrap,2000,300,0.5607335776527116,rotation,abs difference,5,2.9312597904507243e-08
1,extrap,2000,300,0.5607335776527116,K,K=1,1,2.2569313605342587
1,extrap,2000,300,0.5607335776527116,K,K=3,3,2.08035222009777
1,extrap,2000,300,0.5607335776527116,K,K=5,5,1.989383426576385
1,extrap,2000,300,0.5607335776527116,K,K=10,10,1.8673195336322788
1,extrap,2000,300,0.5607335776527116,K,K=20,20,1.7540520252439802
1,extrap,2000,300,0.5607335776527116,whitening,current (rotation only),5,1.989383426576385
1,extrap,2000,300,0.5607335776527116,whitening,PCA(whiten=True),5,3.101810210917949
1,extrap,2000,300,0.5607335776527116,scaling,eds_norm (z on reference),5,2.618126595135215
2,extrap,5000,300,0.5713673727748386,rotation,pipeline (with PCA),5,2.153513423324065
2,extrap,5000,300,0.5713673727748386,rotation,PCA line removed,5,2.1535133885289657
2,extrap,5000,300,0.5713673727748386,rotation,abs difference,5,3.4795099246309746e-08
2,extrap,5000,300,0.5713673727748386,K,K=1,1,2.47653059605782
2,extrap,5000,300,0.5713673727748386,K,K=3,3,2.2592166625879053
2,extrap,5000,300,0.5713673727748386,K,K=5,5,2.153513423324065
2,extrap,5000,300,0.5713673727748386,K,K=10,10,2.0106165092480643
2,extrap,5000,300,0.5713673727748386,K,K=20,20,1.8803422953172924
2,extrap,5000,300,0.5713673727748386,whitening,current (rotation only),5,2.153513423324065
2,extrap,5000,300,0.5713673727748386,whitening,PCA(whiten=True),5,3.4809019987144683
2,extrap,5000,300,0.5713673727748386,scaling,eds_norm (z on reference),5,2.9096290044458977
3,random,2000,300,0.53923768310274,rotation,pipeline (with PCA),5,1.0229803279030012
3,random,2000,300,0.53923768310274,rotation,PCA line removed,5,1.0229803220342406
3,random,2000,300,0.53923768310274,rotation,abs difference,5,5.868760588612076e-09
3,random,2000,300,0.53923768310274,K,K=1,1,1.0474856761304159
3,random,2000,300,0.53923768310274,K,K=3,3,1.027554400859246
3,random,2000,300,0.53923768310274,K,K=5,5,1.0229803279030012
3,random,2000,300,0.53923768310274,K,K=10,10,1.0175375465802126
3,random,2000,300,0.53923768310274,K,K=20,20,1.0167132173300746
3,random,2000,300,0.53923768310274,whitening,current (rotation only),5,1.0229803279030012
3,random,2000,300,0.53923768310274,whitening,PCA(whiten=True),5,1.022358708593326
3,random,2000,300,0.53923768310274,scaling,eds_norm (z on reference),5,1.0127537527041204
4,random,2000,300,0.4910399865079417,rotation,pipeline (with PCA),5,1.0075034977104402
4,random,2000,300,0.4910399865079417,rotation,PCA line removed,5,1.007503482132226
4,random,2000,300,0.4910399865079417,rotation,abs difference,5,1.5578214274114544e-08
4,random,2000,300,0.4910399865079417,K,K=1,1,1.012448568721427
4,random,2000,300,0.4910399865079417,K,K=3,3,1.009530553004228
4,random,2000,300,0.4910399865079417,K,K=5,5,1.0075034977104402
4,random,2000,300,0.4910399865079417,K,K=10,10,1.0015280679601513
4,random,2000,300,0.4910399865079417,K,K=20,20,0.9994842741744226
4,random,2000,300,0.4910399865079417,whitening,current (rotation only),5,1.0075034977104402
4,random,2000,300,0.4910399865079417,whitening,PCA(whiten=True),5,0.9927715113535062
4,random,2000,300,0.4910399865079417,scaling,eds_norm (z on reference),5,0.9963504439368618
