w_source,seed,band,n,P_w_mean,P_w_sd,E_mean,E_sd
grf,1000,train,1000,0.2982056736946106,0.10558253526687622,0.0648147463798523,0.01398998312652111
grf,1000,val,1000,0.2981046736240387,0.10829197615385056,0.06504613906145096,0.013725044205784798
grf,1000,test,1000,0.29682737588882446,0.10654453933238983,0.06504981964826584,0.013540161773562431
grf,1001,train,1000,0.3011634647846222,0.10562842339277267,0.06484228372573853,0.01343291811645031
grf,1001,val,1000,0.30154913663864136,0.11310836672782898,0.06522613018751144,0.01393062248826027
grf,1001,test,1000,0.2982800602912903,0.108714759349823,0.06469123810529709,0.013768557459115982
grf,1002,train,1000,0.30550965666770935,0.1101112887263298,0.06521441787481308,0.013471849262714386
grf,1002,val,1000,0.29312947392463684,0.10630545765161514,0.06460881978273392,0.014064077287912369
grf,1002,test,1000,0.2961432635784149,0.11219378560781479,0.06429017335176468,0.014388680458068848
landuse,1000,train,1000,0.2678714692592621,0.20774129033088684,0.13087007403373718,0.06591390818357468
landuse,1000,val,1000,0.3991992771625519,0.23534254729747772,0.14061617851257324,0.06052369996905327
landuse,1000,test,1000,0.4449402987957001,0.21604959666728973,0.1458117514848709,0.05638089030981064
landuse,1001,train,1000,0.28062260150909424,0.21288417279720306,0.12980923056602478,0.06511018425226212
landuse,1001,val,1000,0.40770983695983887,0.24134010076522827,0.13981956243515015,0.05956672877073288
landuse,1001,test,1000,0.4486510753631592,0.22674407064914703,0.1435491293668747,0.058334968984127045
landuse,1002,train,1000,0.2682507038116455,0.2091170698404312,0.13232232630252838,0.06995218247175217
landuse,1002,val,1000,0.4122662842273712,0.2408309429883957,0.14100664854049683,0.06207765266299248
landuse,1002,test,1000,0.45314234495162964,0.22045452892780304,0.14472796022891998,0.055877864360809326
