source,space,pixel_pool,cell,arm,n_ref,n_query,pair,check,variant,K,value,seed,n_pool_pixels
drawn sample,covariates,the cell's own train/test points,0.0,extrap,2000,300,te_tr,rotation,pipeline (with PCA),5,1.9469931568270318,,
drawn sample,covariates,the cell's own train/test points,0.0,extrap,2000,300,te_tr,rotation,PCA line removed,5,1.9469931539750225,,
drawn sample,covariates,the cell's own train/test points,0.0,extrap,2000,300,te_tr,rotation,abs difference,5,2.852009295395419e-09,,
drawn sample,covariates,the cell's own train/test points,0.0,extrap,2000,300,te_tr,K,K=1,1,2.258526113640074,,
drawn sample,covariates,the cell's own train/test points,0.0,extrap,2000,300,te_tr,K,K=3,3,2.0454421020376152,,
drawn sample,covariates,the cell's own train/test points,0.0,extrap,2000,300,te_tr,K,K=5,5,1.9469931568270318,,
drawn sample,covariates,the cell's own train/test points,0.0,extrap,2000,300,te_tr,K,K=10,10,1.8246802050595472,,
drawn sample,covariates,the cell's own train/test points,0.0,extrap,2000,300,te_tr,K,K=20,20,1.7124902514618414,,
drawn sample,covariates,the cell's own train/test points,0.0,extrap,2000,300,te_tr,whitening,current (rotation only),5,1.9469931568270318,,
drawn sample,covariates,the cell's own train/test points,0.0,extrap,2000,300,te_tr,whitening,PCA(whiten=True),5,3.060545037356613,,
drawn sample,covariates,the cell's own train/test points,0.0,extrap,2000,300,te_tr,scaling,eds_norm (z on reference),5,2.5637333634316195,,
drawn sample,covariates,the cell's own train/test points,1.0,extrap,2000,300,te_tr,rotation,pipeline (with PCA),5,1.989383426576385,,
drawn sample,covariates,the cell's own train/test points,1.0,extrap,2000,300,te_tr,rotation,PCA line removed,5,1.989383455888983,,
drawn sample,covariates,the cell's own train/test points,1.0,extrap,2000,300,te_tr,rotation,abs difference,5,2.9312597904507243e-08,,
drawn sample,covariates,the cell's own train/test points,1.0,extrap,2000,300,te_tr,K,K=1,1,2.2569313605342587,,
drawn sample,covariates,the cell's own train/test points,1.0,extrap,2000,300,te_tr,K,K=3,3,2.08035222009777,,
drawn sample,covariates,the cell's own train/test points,1.0,extrap,2000,300,te_tr,K,K=5,5,1.989383426576385,,
drawn sample,covariates,the cell's own train/test points,1.0,extrap,2000,300,te_tr,K,K=10,10,1.8673195336322788,,
drawn sample,covariates,the cell's own train/test points,1.0,extrap,2000,300,te_tr,K,K=20,20,1.7540520252439802,,
drawn sample,covariates,the cell's own train/test points,1.0,extrap,2000,300,te_tr,whitening,current (rotation only),5,1.989383426576385,,
drawn sample,covariates,the cell's own train/test points,1.0,extrap,2000,300,te_tr,whitening,PCA(whiten=True),5,3.101810210917949,,
drawn sample,covariates,the cell's own train/test points,1.0,extrap,2000,300,te_tr,scaling,eds_norm (z on reference),5,2.618126595135215,,
drawn sample,covariates,the cell's own train/test points,2.0,extrap,5000,300,te_tr,rotation,pipeline (with PCA),5,2.153513423324065,,
drawn sample,covariates,the cell's own train/test points,2.0,extrap,5000,300,te_tr,rotation,PCA line removed,5,2.1535133885289657,,
drawn sample,covariates,the cell's own train/test points,2.0,extrap,5000,300,te_tr,rotation,abs difference,5,3.4795099246309746e-08,,
drawn sample,covariates,the cell's own train/test points,2.0,extrap,5000,300,te_tr,K,K=1,1,2.47653059605782,,
drawn sample,covariates,the cell's own train/test points,2.0,extrap,5000,300,te_tr,K,K=3,3,2.2592166625879053,,
drawn sample,covariates,the cell's own train/test points,2.0,extrap,5000,300,te_tr,K,K=5,5,2.153513423324065,,
drawn sample,covariates,the cell's own train/test points,2.0,extrap,5000,300,te_tr,K,K=10,10,2.0106165092480643,,
drawn sample,covariates,the cell's own train/test points,2.0,extrap,5000,300,te_tr,K,K=20,20,1.8803422953172924,,
drawn sample,covariates,the cell's own train/test points,2.0,extrap,5000,300,te_tr,whitening,current (rotation only),5,2.153513423324065,,
drawn sample,covariates,the cell's own train/test points,2.0,extrap,5000,300,te_tr,whitening,PCA(whiten=True),5,3.4809019987144683,,
drawn sample,covariates,the cell's own train/test points,2.0,extrap,5000,300,te_tr,scaling,eds_norm (z on reference),5,2.9096290044458977,,
drawn sample,covariates,the cell's own train/test points,3.0,random,2000,300,te_tr,rotation,pipeline (with PCA),5,1.0229803279030012,,
drawn sample,covariates,the cell's own train/test points,3.0,random,2000,300,te_tr,rotation,PCA line removed,5,1.0229803220342406,,
drawn sample,covariates,the cell's own train/test points,3.0,random,2000,300,te_tr,rotation,abs difference,5,5.868760588612076e-09,,
drawn sample,covariates,the cell's own train/test points,3.0,random,2000,300,te_tr,K,K=1,1,1.0474856761304159,,
drawn sample,covariates,the cell's own train/test points,3.0,random,2000,300,te_tr,K,K=3,3,1.027554400859246,,
drawn sample,covariates,the cell's own train/test points,3.0,random,2000,300,te_tr,K,K=5,5,1.0229803279030012,,
drawn sample,covariates,the cell's own train/test points,3.0,random,2000,300,te_tr,K,K=10,10,1.0175375465802126,,
drawn sample,covariates,the cell's own train/test points,3.0,random,2000,300,te_tr,K,K=20,20,1.0167132173300746,,
drawn sample,covariates,the cell's own train/test points,3.0,random,2000,300,te_tr,whitening,current (rotation only),5,1.0229803279030012,,
drawn sample,covariates,the cell's own train/test points,3.0,random,2000,300,te_tr,whitening,PCA(whiten=True),5,1.022358708593326,,
drawn sample,covariates,the cell's own train/test points,3.0,random,2000,300,te_tr,scaling,eds_norm (z on reference),5,1.0127537527041204,,
drawn sample,covariates,the cell's own train/test points,4.0,random,2000,300,te_tr,rotation,pipeline (with PCA),5,1.0075034977104402,,
drawn sample,covariates,the cell's own train/test points,4.0,random,2000,300,te_tr,rotation,PCA line removed,5,1.007503482132226,,
drawn sample,covariates,the cell's own train/test points,4.0,random,2000,300,te_tr,rotation,abs difference,5,1.5578214274114544e-08,,
drawn sample,covariates,the cell's own train/test points,4.0,random,2000,300,te_tr,K,K=1,1,1.012448568721427,,
drawn sample,covariates,the cell's own train/test points,4.0,random,2000,300,te_tr,K,K=3,3,1.009530553004228,,
drawn sample,covariates,the cell's own train/test points,4.0,random,2000,300,te_tr,K,K=5,5,1.0075034977104402,,
drawn sample,covariates,the cell's own train/test points,4.0,random,2000,300,te_tr,K,K=10,10,1.0015280679601513,,
drawn sample,covariates,the cell's own train/test points,4.0,random,2000,300,te_tr,K,K=20,20,0.9994842741744226,,
drawn sample,covariates,the cell's own train/test points,4.0,random,2000,300,te_tr,whitening,current (rotation only),5,1.0075034977104402,,
drawn sample,covariates,the cell's own train/test points,4.0,random,2000,300,te_tr,whitening,PCA(whiten=True),5,0.9927715113535062,,
drawn sample,covariates,the cell's own train/test points,4.0,random,2000,300,te_tr,scaling,eds_norm (z on reference),5,0.9963504439368618,,
band pixels,drivers_PwE_grf,inner,,extrapolative bands,1000,1000,te_tr,K,K=1,1,1.0541550408474012,1000.0,33624026.0
band pixels,drivers_PwE_grf,inner,,extrapolative bands,1000,1000,vl_tr,K,K=1,1,1.038192684934009,1000.0,33624026.0
band pixels,drivers_PwE_grf,inner,,extrapolative bands,1000,1000,vl_te,K,K=1,1,1.0114986098572105,1000.0,33624026.0
band pixels,drivers_PwE_grf,inner,,extrapolative bands,1000,1000,te_tr,K,K=3,3,1.0391168964610926,1000.0,33624026.0
band pixels,drivers_PwE_grf,inner,,extrapolative bands,1000,1000,vl_tr,K,K=3,3,1.0293236047952494,1000.0,33624026.0
band pixels,drivers_PwE_grf,inner,,extrapolative bands,1000,1000,vl_te,K,K=3,3,0.9977905402988672,1000.0,33624026.0
band pixels,drivers_PwE_grf,inner,,extrapolative bands,1000,1000,te_tr,K,K=5,5,1.0246196734182405,1000.0,33624026.0
band pixels,drivers_PwE_grf,inner,,extrapolative bands,1000,1000,vl_tr,K,K=5,5,1.017859959704872,1000.0,33624026.0
band pixels,drivers_PwE_grf,inner,,extrapolative bands,1000,1000,vl_te,K,K=5,5,0.9970241064548263,1000.0,33624026.0
band pixels,drivers_PwE_grf,inner,,extrapolative bands,1000,1000,te_tr,K,K=10,10,1.0104742478687263,1000.0,33624026.0
band pixels,drivers_PwE_grf,inner,,extrapolative bands,1000,1000,vl_tr,K,K=10,10,1.0117042944019332,1000.0,33624026.0
band pixels,drivers_PwE_grf,inner,,extrapolative bands,1000,1000,vl_te,K,K=10,10,0.9956297606254858,1000.0,33624026.0
band pixels,drivers_PwE_grf,inner,,extrapolative bands,1000,1000,te_tr,K,K=20,20,0.9974797873453061,1000.0,33624026.0
band pixels,drivers_PwE_grf,inner,,extrapolative bands,1000,1000,vl_tr,K,K=20,20,1.0006916643818908,1000.0,33624026.0
band pixels,drivers_PwE_grf,inner,,extrapolative bands,1000,1000,vl_te,K,K=20,20,0.9973986675112194,1000.0,33624026.0
band pixels,drivers_PwE_grf,inner,,extrapolative bands,1000,1000,te_tr,K,K=1,1,0.9681309699041556,1001.0,33624026.0
band pixels,drivers_PwE_grf,inner,,extrapolative bands,1000,1000,vl_tr,K,K=1,1,1.0660807703467516,1001.0,33624026.0
band pixels,drivers_PwE_grf,inner,,extrapolative bands,1000,1000,vl_te,K,K=1,1,1.0489232099739114,1001.0,33624026.0
band pixels,drivers_PwE_grf,inner,,extrapolative bands,1000,1000,te_tr,K,K=3,3,0.9885062369402723,1001.0,33624026.0
band pixels,drivers_PwE_grf,inner,,extrapolative bands,1000,1000,vl_tr,K,K=3,3,1.060313159158573,1001.0,33624026.0
band pixels,drivers_PwE_grf,inner,,extrapolative bands,1000,1000,vl_te,K,K=3,3,1.045551820431763,1001.0,33624026.0
band pixels,drivers_PwE_grf,inner,,extrapolative bands,1000,1000,te_tr,K,K=5,5,0.9964472142094678,1001.0,33624026.0
band pixels,drivers_PwE_grf,inner,,extrapolative bands,1000,1000,vl_tr,K,K=5,5,1.0594706490149972,1001.0,33624026.0
band pixels,drivers_PwE_grf,inner,,extrapolative bands,1000,1000,vl_te,K,K=5,5,1.0378289866360897,1001.0,33624026.0
band pixels,drivers_PwE_grf,inner,,extrapolative bands,1000,1000,te_tr,K,K=10,10,1.0063216818830902,1001.0,33624026.0
band pixels,drivers_PwE_grf,inner,,extrapolative bands,1000,1000,vl_tr,K,K=10,10,1.0572281863660171,1001.0,33624026.0
band pixels,drivers_PwE_grf,inner,,extrapolative bands,1000,1000,vl_te,K,K=10,10,1.0338363482460406,1001.0,33624026.0
band pixels,drivers_PwE_grf,inner,,extrapolative bands,1000,1000,te_tr,K,K=20,20,1.011627984928709,1001.0,33624026.0
band pixels,drivers_PwE_grf,inner,,extrapolative bands,1000,1000,vl_tr,K,K=20,20,1.0559474220013783,1001.0,33624026.0
band pixels,drivers_PwE_grf,inner,,extrapolative bands,1000,1000,vl_te,K,K=20,20,1.032198079454629,1001.0,33624026.0
band pixels,drivers_PwE_grf,inner,,extrapolative bands,1000,1000,te_tr,K,K=1,1,1.0210535168637236,1002.0,33624026.0
band pixels,drivers_PwE_grf,inner,,extrapolative bands,1000,1000,vl_tr,K,K=1,1,0.915418403994116,1002.0,33624026.0
band pixels,drivers_PwE_grf,inner,,extrapolative bands,1000,1000,vl_te,K,K=1,1,0.9217672482932318,1002.0,33624026.0
band pixels,drivers_PwE_grf,inner,,extrapolative bands,1000,1000,te_tr,K,K=3,3,1.0430571079347117,1002.0,33624026.0
band pixels,drivers_PwE_grf,inner,,extrapolative bands,1000,1000,vl_tr,K,K=3,3,0.9620183558010899,1002.0,33624026.0
band pixels,drivers_PwE_grf,inner,,extrapolative bands,1000,1000,vl_te,K,K=3,3,0.9421849810850983,1002.0,33624026.0
band pixels,drivers_PwE_grf,inner,,extrapolative bands,1000,1000,te_tr,K,K=5,5,1.0379829428115723,1002.0,33624026.0
band pixels,drivers_PwE_grf,inner,,extrapolative bands,1000,1000,vl_tr,K,K=5,5,0.9707248264009536,1002.0,33624026.0
band pixels,drivers_PwE_grf,inner,,extrapolative bands,1000,1000,vl_te,K,K=5,5,0.941183796152193,1002.0,33624026.0
band pixels,drivers_PwE_grf,inner,,extrapolative bands,1000,1000,te_tr,K,K=10,10,1.030332152339529,1002.0,33624026.0
band pixels,drivers_PwE_grf,inner,,extrapolative bands,1000,1000,vl_tr,K,K=10,10,0.9680156550124157,1002.0,33624026.0
band pixels,drivers_PwE_grf,inner,,extrapolative bands,1000,1000,vl_te,K,K=10,10,0.9373147293842731,1002.0,33624026.0
band pixels,drivers_PwE_grf,inner,,extrapolative bands,1000,1000,te_tr,K,K=20,20,1.0256550381318683,1002.0,33624026.0
band pixels,drivers_PwE_grf,inner,,extrapolative bands,1000,1000,vl_tr,K,K=20,20,0.9712237075928801,1002.0,33624026.0
band pixels,drivers_PwE_grf,inner,,extrapolative bands,1000,1000,vl_te,K,K=20,20,0.9382727071599555,1002.0,33624026.0
band pixels,drivers_PwEperp_grf,inner_finiteEperp,,extrapolative bands,1000,1000,te_tr,K,K=1,1,1.0537321041841838,1000.0,33624026.0
band pixels,drivers_PwEperp_grf,inner_finiteEperp,,extrapolative bands,1000,1000,vl_tr,K,K=1,1,1.0424964866038737,1000.0,33624026.0
band pixels,drivers_PwEperp_grf,inner_finiteEperp,,extrapolative bands,1000,1000,vl_te,K,K=1,1,1.017255640047176,1000.0,33624026.0
band pixels,drivers_PwEperp_grf,inner_finiteEperp,,extrapolative bands,1000,1000,te_tr,K,K=3,3,1.0428090040367253,1000.0,33624026.0
band pixels,drivers_PwEperp_grf,inner_finiteEperp,,extrapolative bands,1000,1000,vl_tr,K,K=3,3,1.0422777529039575,1000.0,33624026.0
band pixels,drivers_PwEperp_grf,inner_finiteEperp,,extrapolative bands,1000,1000,vl_te,K,K=3,3,1.0049287988347266,1000.0,33624026.0
band pixels,drivers_PwEperp_grf,inner_finiteEperp,,extrapolative bands,1000,1000,te_tr,K,K=5,5,1.0324910518405817,1000.0,33624026.0
band pixels,drivers_PwEperp_grf,inner_finiteEperp,,extrapolative bands,1000,1000,vl_tr,K,K=5,5,1.0319780986176554,1000.0,33624026.0
band pixels,drivers_PwEperp_grf,inner_finiteEperp,,extrapolative bands,1000,1000,vl_te,K,K=5,5,1.002844687868294,1000.0,33624026.0
band pixels,drivers_PwEperp_grf,inner_finiteEperp,,extrapolative bands,1000,1000,te_tr,K,K=10,10,1.018978711264221,1000.0,33624026.0
band pixels,drivers_PwEperp_grf,inner_finiteEperp,,extrapolative bands,1000,1000,vl_tr,K,K=10,10,1.0193231376786656,1000.0,33624026.0
band pixels,drivers_PwEperp_grf,inner_finiteEperp,,extrapolative bands,1000,1000,vl_te,K,K=10,10,0.9970309705453453,1000.0,33624026.0
band pixels,drivers_PwEperp_grf,inner_finiteEperp,,extrapolative bands,1000,1000,te_tr,K,K=20,20,1.0063675633060805,1000.0,33624026.0
band pixels,drivers_PwEperp_grf,inner_finiteEperp,,extrapolative bands,1000,1000,vl_tr,K,K=20,20,1.0067348217419136,1000.0,33624026.0
band pixels,drivers_PwEperp_grf,inner_finiteEperp,,extrapolative bands,1000,1000,vl_te,K,K=20,20,0.9921952546544447,1000.0,33624026.0
band pixels,drivers_PwEperp_grf,inner_finiteEperp,,extrapolative bands,1000,1000,te_tr,K,K=1,1,0.9661647475673494,1001.0,33624026.0
band pixels,drivers_PwEperp_grf,inner_finiteEperp,,extrapolative bands,1000,1000,vl_tr,K,K=1,1,1.0731545014733,1001.0,33624026.0
band pixels,drivers_PwEperp_grf,inner_finiteEperp,,extrapolative bands,1000,1000,vl_te,K,K=1,1,1.033011443068276,1001.0,33624026.0
band pixels,drivers_PwEperp_grf,inner_finiteEperp,,extrapolative bands,1000,1000,te_tr,K,K=3,3,1.0000057154846056,1001.0,33624026.0
band pixels,drivers_PwEperp_grf,inner_finiteEperp,,extrapolative bands,1000,1000,vl_tr,K,K=3,3,1.0745851221327578,1001.0,33624026.0
band pixels,drivers_PwEperp_grf,inner_finiteEperp,,extrapolative bands,1000,1000,vl_te,K,K=3,3,1.0425465762623807,1001.0,33624026.0
band pixels,drivers_PwEperp_grf,inner_finiteEperp,,extrapolative bands,1000,1000,te_tr,K,K=5,5,1.002129449268167,1001.0,33624026.0
band pixels,drivers_PwEperp_grf,inner_finiteEperp,,extrapolative bands,1000,1000,vl_tr,K,K=5,5,1.064552426431891,1001.0,33624026.0
band pixels,drivers_PwEperp_grf,inner_finiteEperp,,extrapolative bands,1000,1000,vl_te,K,K=5,5,1.0309780984697896,1001.0,33624026.0
band pixels,drivers_PwEperp_grf,inner_finiteEperp,,extrapolative bands,1000,1000,te_tr,K,K=10,10,1.001686367284792,1001.0,33624026.0
band pixels,drivers_PwEperp_grf,inner_finiteEperp,,extrapolative bands,1000,1000,vl_tr,K,K=10,10,1.054007205190499,1001.0,33624026.0
band pixels,drivers_PwEperp_grf,inner_finiteEperp,,extrapolative bands,1000,1000,vl_te,K,K=10,10,1.0253422782150194,1001.0,33624026.0
band pixels,drivers_PwEperp_grf,inner_finiteEperp,,extrapolative bands,1000,1000,te_tr,K,K=20,20,1.0014166679717933,1001.0,33624026.0
band pixels,drivers_PwEperp_grf,inner_finiteEperp,,extrapolative bands,1000,1000,vl_tr,K,K=20,20,1.0476121484430947,1001.0,33624026.0
band pixels,drivers_PwEperp_grf,inner_finiteEperp,,extrapolative bands,1000,1000,vl_te,K,K=20,20,1.0257326778546265,1001.0,33624026.0
band pixels,drivers_PwEperp_grf,inner_finiteEperp,,extrapolative bands,1000,1000,te_tr,K,K=1,1,1.0059546862530349,1002.0,33624026.0
band pixels,drivers_PwEperp_grf,inner_finiteEperp,,extrapolative bands,1000,1000,vl_tr,K,K=1,1,0.9278983988999812,1002.0,33624026.0
band pixels,drivers_PwEperp_grf,inner_finiteEperp,,extrapolative bands,1000,1000,vl_te,K,K=1,1,0.9323010453567369,1002.0,33624026.0
band pixels,drivers_PwEperp_grf,inner_finiteEperp,,extrapolative bands,1000,1000,te_tr,K,K=3,3,1.0379122079054315,1002.0,33624026.0
band pixels,drivers_PwEperp_grf,inner_finiteEperp,,extrapolative bands,1000,1000,vl_tr,K,K=3,3,0.9453888312727668,1002.0,33624026.0
band pixels,drivers_PwEperp_grf,inner_finiteEperp,,extrapolative bands,1000,1000,vl_te,K,K=3,3,0.9436637959317916,1002.0,33624026.0
band pixels,drivers_PwEperp_grf,inner_finiteEperp,,extrapolative bands,1000,1000,te_tr,K,K=5,5,1.0391927940818977,1002.0,33624026.0
band pixels,drivers_PwEperp_grf,inner_finiteEperp,,extrapolative bands,1000,1000,vl_tr,K,K=5,5,0.960238588515801,1002.0,33624026.0
band pixels,drivers_PwEperp_grf,inner_finiteEperp,,extrapolative bands,1000,1000,vl_te,K,K=5,5,0.9392138790031761,1002.0,33624026.0
band pixels,drivers_PwEperp_grf,inner_finiteEperp,,extrapolative bands,1000,1000,te_tr,K,K=10,10,1.0424093109459556,1002.0,33624026.0
band pixels,drivers_PwEperp_grf,inner_finiteEperp,,extrapolative bands,1000,1000,vl_tr,K,K=10,10,0.9712181244327717,1002.0,33624026.0
band pixels,drivers_PwEperp_grf,inner_finiteEperp,,extrapolative bands,1000,1000,vl_te,K,K=10,10,0.9326088379350598,1002.0,33624026.0
band pixels,drivers_PwEperp_grf,inner_finiteEperp,,extrapolative bands,1000,1000,te_tr,K,K=20,20,1.0365054303449208,1002.0,33624026.0
band pixels,drivers_PwEperp_grf,inner_finiteEperp,,extrapolative bands,1000,1000,vl_tr,K,K=20,20,0.970361100000755,1002.0,33624026.0
band pixels,drivers_PwEperp_grf,inner_finiteEperp,,extrapolative bands,1000,1000,vl_te,K,K=20,20,0.9324081031657244,1002.0,33624026.0
band pixels,drivers_PwE_landuse,inner,,extrapolative bands,1000,1000,te_tr,K,K=1,1,1.385695687273349,1000.0,33624026.0
band pixels,drivers_PwE_landuse,inner,,extrapolative bands,1000,1000,vl_tr,K,K=1,1,1.2413789509919737,1000.0,33624026.0
band pixels,drivers_PwE_landuse,inner,,extrapolative bands,1000,1000,vl_te,K,K=1,1,1.1180478772126183,1000.0,33624026.0
band pixels,drivers_PwE_landuse,inner,,extrapolative bands,1000,1000,te_tr,K,K=3,3,1.42824183200421,1000.0,33624026.0
band pixels,drivers_PwE_landuse,inner,,extrapolative bands,1000,1000,vl_tr,K,K=3,3,1.2991821167019415,1000.0,33624026.0
band pixels,drivers_PwE_landuse,inner,,extrapolative bands,1000,1000,vl_te,K,K=3,3,1.0766733310237473,1000.0,33624026.0
band pixels,drivers_PwE_landuse,inner,,extrapolative bands,1000,1000,te_tr,K,K=5,5,1.433963073409685,1000.0,33624026.0
band pixels,drivers_PwE_landuse,inner,,extrapolative bands,1000,1000,vl_tr,K,K=5,5,1.30721082286136,1000.0,33624026.0
band pixels,drivers_PwE_landuse,inner,,extrapolative bands,1000,1000,vl_te,K,K=5,5,1.0797515184983528,1000.0,33624026.0
band pixels,drivers_PwE_landuse,inner,,extrapolative bands,1000,1000,te_tr,K,K=10,10,1.4296805851240943,1000.0,33624026.0
band pixels,drivers_PwE_landuse,inner,,extrapolative bands,1000,1000,vl_tr,K,K=10,10,1.303449455110177,1000.0,33624026.0
band pixels,drivers_PwE_landuse,inner,,extrapolative bands,1000,1000,vl_te,K,K=10,10,1.0789900642663974,1000.0,33624026.0
band pixels,drivers_PwE_landuse,inner,,extrapolative bands,1000,1000,te_tr,K,K=20,20,1.434128891895185,1000.0,33624026.0
band pixels,drivers_PwE_landuse,inner,,extrapolative bands,1000,1000,vl_tr,K,K=20,20,1.3089162296560004,1000.0,33624026.0
band pixels,drivers_PwE_landuse,inner,,extrapolative bands,1000,1000,vl_te,K,K=20,20,1.0744809879431272,1000.0,33624026.0
band pixels,drivers_PwE_landuse,inner,,extrapolative bands,1000,1000,te_tr,K,K=1,1,1.4443978475417159,1001.0,33624026.0
band pixels,drivers_PwE_landuse,inner,,extrapolative bands,1000,1000,vl_tr,K,K=1,1,1.2719096931630496,1001.0,33624026.0
band pixels,drivers_PwE_landuse,inner,,extrapolative bands,1000,1000,vl_te,K,K=1,1,0.9307780803949129,1001.0,33624026.0
band pixels,drivers_PwE_landuse,inner,,extrapolative bands,1000,1000,te_tr,K,K=3,3,1.42563116663966,1001.0,33624026.0
band pixels,drivers_PwE_landuse,inner,,extrapolative bands,1000,1000,vl_tr,K,K=3,3,1.2777604693982363,1001.0,33624026.0
band pixels,drivers_PwE_landuse,inner,,extrapolative bands,1000,1000,vl_te,K,K=3,3,0.9661155607486006,1001.0,33624026.0
band pixels,drivers_PwE_landuse,inner,,extrapolative bands,1000,1000,te_tr,K,K=5,5,1.4163169419905917,1001.0,33624026.0
band pixels,drivers_PwE_landuse,inner,,extrapolative bands,1000,1000,vl_tr,K,K=5,5,1.2729881858251901,1001.0,33624026.0
band pixels,drivers_PwE_landuse,inner,,extrapolative bands,1000,1000,vl_te,K,K=5,5,0.9752257330121743,1001.0,33624026.0
band pixels,drivers_PwE_landuse,inner,,extrapolative bands,1000,1000,te_tr,K,K=10,10,1.4138375358892383,1001.0,33624026.0
band pixels,drivers_PwE_landuse,inner,,extrapolative bands,1000,1000,vl_tr,K,K=10,10,1.2728694245478571,1001.0,33624026.0
band pixels,drivers_PwE_landuse,inner,,extrapolative bands,1000,1000,vl_te,K,K=10,10,0.986652970637465,1001.0,33624026.0
band pixels,drivers_PwE_landuse,inner,,extrapolative bands,1000,1000,te_tr,K,K=20,20,1.4108754087062183,1001.0,33624026.0
band pixels,drivers_PwE_landuse,inner,,extrapolative bands,1000,1000,vl_tr,K,K=20,20,1.2713167854114327,1001.0,33624026.0
band pixels,drivers_PwE_landuse,inner,,extrapolative bands,1000,1000,vl_te,K,K=20,20,0.9920088550382836,1001.0,33624026.0
band pixels,drivers_PwE_landuse,inner,,extrapolative bands,1000,1000,te_tr,K,K=1,1,1.4644509099168903,1002.0,33624026.0
band pixels,drivers_PwE_landuse,inner,,extrapolative bands,1000,1000,vl_tr,K,K=1,1,1.3939085203092172,1002.0,33624026.0
band pixels,drivers_PwE_landuse,inner,,extrapolative bands,1000,1000,vl_te,K,K=1,1,1.0540325512199051,1002.0,33624026.0
band pixels,drivers_PwE_landuse,inner,,extrapolative bands,1000,1000,te_tr,K,K=3,3,1.4467047947997846,1002.0,33624026.0
band pixels,drivers_PwE_landuse,inner,,extrapolative bands,1000,1000,vl_tr,K,K=3,3,1.3983706669860345,1002.0,33624026.0
band pixels,drivers_PwE_landuse,inner,,extrapolative bands,1000,1000,vl_te,K,K=3,3,1.0444192103353844,1002.0,33624026.0
band pixels,drivers_PwE_landuse,inner,,extrapolative bands,1000,1000,te_tr,K,K=5,5,1.4378145402456532,1002.0,33624026.0
band pixels,drivers_PwE_landuse,inner,,extrapolative bands,1000,1000,vl_tr,K,K=5,5,1.3906240771048621,1002.0,33624026.0
band pixels,drivers_PwE_landuse,inner,,extrapolative bands,1000,1000,vl_te,K,K=5,5,1.0453103028945914,1002.0,33624026.0
band pixels,drivers_PwE_landuse,inner,,extrapolative bands,1000,1000,te_tr,K,K=10,10,1.4320621566264116,1002.0,33624026.0
band pixels,drivers_PwE_landuse,inner,,extrapolative bands,1000,1000,vl_tr,K,K=10,10,1.3788223293115835,1002.0,33624026.0
band pixels,drivers_PwE_landuse,inner,,extrapolative bands,1000,1000,vl_te,K,K=10,10,1.0541156287407916,1002.0,33624026.0
band pixels,drivers_PwE_landuse,inner,,extrapolative bands,1000,1000,te_tr,K,K=20,20,1.4274097968459154,1002.0,33624026.0
band pixels,drivers_PwE_landuse,inner,,extrapolative bands,1000,1000,vl_tr,K,K=20,20,1.3711210477854643,1002.0,33624026.0
band pixels,drivers_PwE_landuse,inner,,extrapolative bands,1000,1000,vl_te,K,K=20,20,1.0571447489164938,1002.0,33624026.0
band pixels,drivers_PwEperp_landuse,inner_finiteEperp,,extrapolative bands,1000,1000,te_tr,K,K=1,1,1.299814298678293,1000.0,33624026.0
band pixels,drivers_PwEperp_landuse,inner_finiteEperp,,extrapolative bands,1000,1000,vl_tr,K,K=1,1,1.227863106852819,1000.0,33624026.0
band pixels,drivers_PwEperp_landuse,inner_finiteEperp,,extrapolative bands,1000,1000,vl_te,K,K=1,1,1.2102350497974717,1000.0,33624026.0
band pixels,drivers_PwEperp_landuse,inner_finiteEperp,,extrapolative bands,1000,1000,te_tr,K,K=3,3,1.3126121265969286,1000.0,33624026.0
band pixels,drivers_PwEperp_landuse,inner_finiteEperp,,extrapolative bands,1000,1000,vl_tr,K,K=3,3,1.26627709019723,1000.0,33624026.0
band pixels,drivers_PwEperp_landuse,inner_finiteEperp,,extrapolative bands,1000,1000,vl_te,K,K=3,3,1.1758276604960551,1000.0,33624026.0
band pixels,drivers_PwEperp_landuse,inner_finiteEperp,,extrapolative bands,1000,1000,te_tr,K,K=5,5,1.3180291166651903,1000.0,33624026.0
band pixels,drivers_PwEperp_landuse,inner_finiteEperp,,extrapolative bands,1000,1000,vl_tr,K,K=5,5,1.2677874527069684,1000.0,33624026.0
band pixels,drivers_PwEperp_landuse,inner_finiteEperp,,extrapolative bands,1000,1000,vl_te,K,K=5,5,1.163024381390602,1000.0,33624026.0
band pixels,drivers_PwEperp_landuse,inner_finiteEperp,,extrapolative bands,1000,1000,te_tr,K,K=10,10,1.3137674654327227,1000.0,33624026.0
band pixels,drivers_PwEperp_landuse,inner_finiteEperp,,extrapolative bands,1000,1000,vl_tr,K,K=10,10,1.2599482917236062,1000.0,33624026.0
band pixels,drivers_PwEperp_landuse,inner_finiteEperp,,extrapolative bands,1000,1000,vl_te,K,K=10,10,1.1384235652191412,1000.0,33624026.0
band pixels,drivers_PwEperp_landuse,inner_finiteEperp,,extrapolative bands,1000,1000,te_tr,K,K=20,20,1.3098621715334573,1000.0,33624026.0
band pixels,drivers_PwEperp_landuse,inner_finiteEperp,,extrapolative bands,1000,1000,vl_tr,K,K=20,20,1.2480612402272178,1000.0,33624026.0
band pixels,drivers_PwEperp_landuse,inner_finiteEperp,,extrapolative bands,1000,1000,vl_te,K,K=20,20,1.1220237050997828,1000.0,33624026.0
band pixels,drivers_PwEperp_landuse,inner_finiteEperp,,extrapolative bands,1000,1000,te_tr,K,K=1,1,1.3408031408561285,1001.0,33624026.0
band pixels,drivers_PwEperp_landuse,inner_finiteEperp,,extrapolative bands,1000,1000,vl_tr,K,K=1,1,1.199777580353333,1001.0,33624026.0
band pixels,drivers_PwEperp_landuse,inner_finiteEperp,,extrapolative bands,1000,1000,vl_te,K,K=1,1,0.9845778681249231,1001.0,33624026.0
band pixels,drivers_PwEperp_landuse,inner_finiteEperp,,extrapolative bands,1000,1000,te_tr,K,K=3,3,1.3167044688587832,1001.0,33624026.0
band pixels,drivers_PwEperp_landuse,inner_finiteEperp,,extrapolative bands,1000,1000,vl_tr,K,K=3,3,1.1906025775768656,1001.0,33624026.0
band pixels,drivers_PwEperp_landuse,inner_finiteEperp,,extrapolative bands,1000,1000,vl_te,K,K=3,3,1.0020061744911164,1001.0,33624026.0
band pixels,drivers_PwEperp_landuse,inner_finiteEperp,,extrapolative bands,1000,1000,te_tr,K,K=5,5,1.3117584497179857,1001.0,33624026.0
band pixels,drivers_PwEperp_landuse,inner_finiteEperp,,extrapolative bands,1000,1000,vl_tr,K,K=5,5,1.18932238450088,1001.0,33624026.0
band pixels,drivers_PwEperp_landuse,inner_finiteEperp,,extrapolative bands,1000,1000,vl_te,K,K=5,5,1.0091920203021882,1001.0,33624026.0
band pixels,drivers_PwEperp_landuse,inner_finiteEperp,,extrapolative bands,1000,1000,te_tr,K,K=10,10,1.3206109759371623,1001.0,33624026.0
band pixels,drivers_PwEperp_landuse,inner_finiteEperp,,extrapolative bands,1000,1000,vl_tr,K,K=10,10,1.199599933984255,1001.0,33624026.0
band pixels,drivers_PwEperp_landuse,inner_finiteEperp,,extrapolative bands,1000,1000,vl_te,K,K=10,10,1.0203088828033005,1001.0,33624026.0
band pixels,drivers_PwEperp_landuse,inner_finiteEperp,,extrapolative bands,1000,1000,te_tr,K,K=20,20,1.3152398639034872,1001.0,33624026.0
band pixels,drivers_PwEperp_landuse,inner_finiteEperp,,extrapolative bands,1000,1000,vl_tr,K,K=20,20,1.19624287383717,1001.0,33624026.0
band pixels,drivers_PwEperp_landuse,inner_finiteEperp,,extrapolative bands,1000,1000,vl_te,K,K=20,20,1.0186029258609177,1001.0,33624026.0
band pixels,drivers_PwEperp_landuse,inner_finiteEperp,,extrapolative bands,1000,1000,te_tr,K,K=1,1,1.2941324197360842,1002.0,33624026.0
band pixels,drivers_PwEperp_landuse,inner_finiteEperp,,extrapolative bands,1000,1000,vl_tr,K,K=1,1,1.300361551577028,1002.0,33624026.0
band pixels,drivers_PwEperp_landuse,inner_finiteEperp,,extrapolative bands,1000,1000,vl_te,K,K=1,1,1.0821284803039501,1002.0,33624026.0
band pixels,drivers_PwEperp_landuse,inner_finiteEperp,,extrapolative bands,1000,1000,te_tr,K,K=3,3,1.3260847482901383,1002.0,33624026.0
band pixels,drivers_PwEperp_landuse,inner_finiteEperp,,extrapolative bands,1000,1000,vl_tr,K,K=3,3,1.3281982493833286,1002.0,33624026.0
band pixels,drivers_PwEperp_landuse,inner_finiteEperp,,extrapolative bands,1000,1000,vl_te,K,K=3,3,1.0962443954703192,1002.0,33624026.0
band pixels,drivers_PwEperp_landuse,inner_finiteEperp,,extrapolative bands,1000,1000,te_tr,K,K=5,5,1.3155042734271818,1002.0,33624026.0
band pixels,drivers_PwEperp_landuse,inner_finiteEperp,,extrapolative bands,1000,1000,vl_tr,K,K=5,5,1.316838819881371,1002.0,33624026.0
band pixels,drivers_PwEperp_landuse,inner_finiteEperp,,extrapolative bands,1000,1000,vl_te,K,K=5,5,1.1018027000937924,1002.0,33624026.0
band pixels,drivers_PwEperp_landuse,inner_finiteEperp,,extrapolative bands,1000,1000,te_tr,K,K=10,10,1.3055699109530654,1002.0,33624026.0
band pixels,drivers_PwEperp_landuse,inner_finiteEperp,,extrapolative bands,1000,1000,vl_tr,K,K=10,10,1.3062633997578377,1002.0,33624026.0
band pixels,drivers_PwEperp_landuse,inner_finiteEperp,,extrapolative bands,1000,1000,vl_te,K,K=10,10,1.108234063426749,1002.0,33624026.0
band pixels,drivers_PwEperp_landuse,inner_finiteEperp,,extrapolative bands,1000,1000,te_tr,K,K=20,20,1.299078379967735,1002.0,33624026.0
band pixels,drivers_PwEperp_landuse,inner_finiteEperp,,extrapolative bands,1000,1000,vl_tr,K,K=20,20,1.2961563924788448,1002.0,33624026.0
band pixels,drivers_PwEperp_landuse,inner_finiteEperp,,extrapolative bands,1000,1000,vl_te,K,K=20,20,1.1067333081403017,1002.0,33624026.0
band pixels,covariates,all_valid,,extrapolative bands,1000,1000,te_tr,K,K=1,1,2.0975689205085213,1000.0,35574987.0
band pixels,covariates,all_valid,,extrapolative bands,1000,1000,vl_tr,K,K=1,1,1.3378841162808126,1000.0,35574987.0
band pixels,covariates,all_valid,,extrapolative bands,1000,1000,vl_te,K,K=1,1,1.2868271282752952,1000.0,35574987.0
band pixels,drivers_PC1PC2,all_valid,,extrapolative bands,1000,1000,te_tr,K,K=1,1,18.228405577287546,1000.0,35574987.0
band pixels,drivers_PC1PC2,all_valid,,extrapolative bands,1000,1000,vl_tr,K,K=1,1,6.390675428564778,1000.0,35574987.0
band pixels,drivers_PC1PC2,all_valid,,extrapolative bands,1000,1000,vl_te,K,K=1,1,11.04287725311301,1000.0,35574987.0
band pixels,covariates,all_valid,,extrapolative bands,1000,1000,te_tr,K,K=3,3,1.9575859229905268,1000.0,35574987.0
band pixels,covariates,all_valid,,extrapolative bands,1000,1000,vl_tr,K,K=3,3,1.308691508026557,1000.0,35574987.0
band pixels,covariates,all_valid,,extrapolative bands,1000,1000,vl_te,K,K=3,3,1.2193334665415065,1000.0,35574987.0
band pixels,drivers_PC1PC2,all_valid,,extrapolative bands,1000,1000,te_tr,K,K=3,3,12.926456948907802,1000.0,35574987.0
band pixels,drivers_PC1PC2,all_valid,,extrapolative bands,1000,1000,vl_tr,K,K=3,3,4.763854060773571,1000.0,35574987.0
band pixels,drivers_PC1PC2,all_valid,,extrapolative bands,1000,1000,vl_te,K,K=3,3,7.708426631682014,1000.0,35574987.0
band pixels,covariates,all_valid,,extrapolative bands,1000,1000,te_tr,K,K=5,5,1.878303726765907,1000.0,35574987.0
band pixels,covariates,all_valid,,extrapolative bands,1000,1000,vl_tr,K,K=5,5,1.2881464919089625,1000.0,35574987.0
band pixels,covariates,all_valid,,extrapolative bands,1000,1000,vl_te,K,K=5,5,1.1898421143708913,1000.0,35574987.0
band pixels,drivers_PC1PC2,all_valid,,extrapolative bands,1000,1000,te_tr,K,K=5,5,10.626405585437622,1000.0,35574987.0
band pixels,drivers_PC1PC2,all_valid,,extrapolative bands,1000,1000,vl_tr,K,K=5,5,4.055120079509702,1000.0,35574987.0
band pixels,drivers_PC1PC2,all_valid,,extrapolative bands,1000,1000,vl_te,K,K=5,5,6.40526046811796,1000.0,35574987.0
band pixels,covariates,all_valid,,extrapolative bands,1000,1000,te_tr,K,K=10,10,1.76730721689445,1000.0,35574987.0
band pixels,covariates,all_valid,,extrapolative bands,1000,1000,vl_tr,K,K=10,10,1.2554744008509735,1000.0,35574987.0
band pixels,covariates,all_valid,,extrapolative bands,1000,1000,vl_te,K,K=10,10,1.1543665349515213,1000.0,35574987.0
band pixels,drivers_PC1PC2,all_valid,,extrapolative bands,1000,1000,te_tr,K,K=10,10,8.052510997022175,1000.0,35574987.0
band pixels,drivers_PC1PC2,all_valid,,extrapolative bands,1000,1000,vl_tr,K,K=10,10,3.259688913905879,1000.0,35574987.0
band pixels,drivers_PC1PC2,all_valid,,extrapolative bands,1000,1000,vl_te,K,K=10,10,4.881101314185233,1000.0,35574987.0
band pixels,covariates,all_valid,,extrapolative bands,1000,1000,te_tr,K,K=20,20,1.6618383847440468,1000.0,35574987.0
band pixels,covariates,all_valid,,extrapolative bands,1000,1000,vl_tr,K,K=20,20,1.2254178345403142,1000.0,35574987.0
band pixels,covariates,all_valid,,extrapolative bands,1000,1000,vl_te,K,K=20,20,1.122538736505151,1000.0,35574987.0
band pixels,drivers_PC1PC2,all_valid,,extrapolative bands,1000,1000,te_tr,K,K=20,20,6.0651325036672485,1000.0,35574987.0
band pixels,drivers_PC1PC2,all_valid,,extrapolative bands,1000,1000,vl_tr,K,K=20,20,2.645597297507616,1000.0,35574987.0
band pixels,drivers_PC1PC2,all_valid,,extrapolative bands,1000,1000,vl_te,K,K=20,20,3.7235071878082118,1000.0,35574987.0
band pixels,covariates,all_valid,,extrapolative bands,1000,1000,te_tr,K,K=1,1,2.033460036646914,1001.0,35574987.0
band pixels,covariates,all_valid,,extrapolative bands,1000,1000,vl_tr,K,K=1,1,1.314817514586315,1001.0,35574987.0
band pixels,covariates,all_valid,,extrapolative bands,1000,1000,vl_te,K,K=1,1,1.2740612829181275,1001.0,35574987.0
band pixels,drivers_PC1PC2,all_valid,,extrapolative bands,1000,1000,te_tr,K,K=1,1,18.49156931922813,1001.0,35574987.0
band pixels,drivers_PC1PC2,all_valid,,extrapolative bands,1000,1000,vl_tr,K,K=1,1,6.22914353462895,1001.0,35574987.0
band pixels,drivers_PC1PC2,all_valid,,extrapolative bands,1000,1000,vl_te,K,K=1,1,10.250596595522266,1001.0,35574987.0
band pixels,covariates,all_valid,,extrapolative bands,1000,1000,te_tr,K,K=3,3,1.8865891134786532,1001.0,35574987.0
band pixels,covariates,all_valid,,extrapolative bands,1000,1000,vl_tr,K,K=3,3,1.2789194816229725,1001.0,35574987.0
band pixels,covariates,all_valid,,extrapolative bands,1000,1000,vl_te,K,K=3,3,1.2147017112353011,1001.0,35574987.0
band pixels,drivers_PC1PC2,all_valid,,extrapolative bands,1000,1000,te_tr,K,K=3,3,12.847155016145365,1001.0,35574987.0
band pixels,drivers_PC1PC2,all_valid,,extrapolative bands,1000,1000,vl_tr,K,K=3,3,4.54878902318915,1001.0,35574987.0
band pixels,drivers_PC1PC2,all_valid,,extrapolative bands,1000,1000,vl_te,K,K=3,3,7.27946535112001,1001.0,35574987.0
band pixels,covariates,all_valid,,extrapolative bands,1000,1000,te_tr,K,K=5,5,1.8147578763538066,1001.0,35574987.0
band pixels,covariates,all_valid,,extrapolative bands,1000,1000,vl_tr,K,K=5,5,1.2592746250173936,1001.0,35574987.0
band pixels,covariates,all_valid,,extrapolative bands,1000,1000,vl_te,K,K=5,5,1.1850993851768492,1001.0,35574987.0
band pixels,drivers_PC1PC2,all_valid,,extrapolative bands,1000,1000,te_tr,K,K=5,5,10.527398193910711,1001.0,35574987.0
band pixels,drivers_PC1PC2,all_valid,,extrapolative bands,1000,1000,vl_tr,K,K=5,5,3.847064855592116,1001.0,35574987.0
band pixels,drivers_PC1PC2,all_valid,,extrapolative bands,1000,1000,vl_te,K,K=5,5,6.065750578724037,1001.0,35574987.0
band pixels,covariates,all_valid,,extrapolative bands,1000,1000,te_tr,K,K=10,10,1.7161730748322743,1001.0,35574987.0
band pixels,covariates,all_valid,,extrapolative bands,1000,1000,vl_tr,K,K=10,10,1.2334229050891832,1001.0,35574987.0
band pixels,covariates,all_valid,,extrapolative bands,1000,1000,vl_te,K,K=10,10,1.1508671310006224,1001.0,35574987.0
band pixels,drivers_PC1PC2,all_valid,,extrapolative bands,1000,1000,te_tr,K,K=10,10,7.834393985296317,1001.0,35574987.0
band pixels,drivers_PC1PC2,all_valid,,extrapolative bands,1000,1000,vl_tr,K,K=10,10,3.0371365088527997,1001.0,35574987.0
band pixels,drivers_PC1PC2,all_valid,,extrapolative bands,1000,1000,vl_te,K,K=10,10,4.705162475037445,1001.0,35574987.0
band pixels,covariates,all_valid,,extrapolative bands,1000,1000,te_tr,K,K=20,20,1.623376369638373,1001.0,35574987.0
band pixels,covariates,all_valid,,extrapolative bands,1000,1000,vl_tr,K,K=20,20,1.2100895135116476,1001.0,35574987.0
band pixels,covariates,all_valid,,extrapolative bands,1000,1000,vl_te,K,K=20,20,1.1223917978065205,1001.0,35574987.0
band pixels,drivers_PC1PC2,all_valid,,extrapolative bands,1000,1000,te_tr,K,K=20,20,5.83054508094398,1001.0,35574987.0
band pixels,drivers_PC1PC2,all_valid,,extrapolative bands,1000,1000,vl_tr,K,K=20,20,2.4569601518325017,1001.0,35574987.0
band pixels,drivers_PC1PC2,all_valid,,extrapolative bands,1000,1000,vl_te,K,K=20,20,3.6412830174280484,1001.0,35574987.0
band pixels,covariates,all_valid,,extrapolative bands,1000,1000,te_tr,K,K=1,1,2.0852980192442168,1002.0,35574987.0
band pixels,covariates,all_valid,,extrapolative bands,1000,1000,vl_tr,K,K=1,1,1.3399561851261526,1002.0,35574987.0
band pixels,covariates,all_valid,,extrapolative bands,1000,1000,vl_te,K,K=1,1,1.3062523916668194,1002.0,35574987.0
band pixels,drivers_PC1PC2,all_valid,,extrapolative bands,1000,1000,te_tr,K,K=1,1,18.546324949828115,1002.0,35574987.0
band pixels,drivers_PC1PC2,all_valid,,extrapolative bands,1000,1000,vl_tr,K,K=1,1,6.2169159517900985,1002.0,35574987.0
band pixels,drivers_PC1PC2,all_valid,,extrapolative bands,1000,1000,vl_te,K,K=1,1,11.809815621962608,1002.0,35574987.0
band pixels,covariates,all_valid,,extrapolative bands,1000,1000,te_tr,K,K=3,3,1.9159863507377675,1002.0,35574987.0
band pixels,covariates,all_valid,,extrapolative bands,1000,1000,vl_tr,K,K=3,3,1.2978894702965946,1002.0,35574987.0
band pixels,covariates,all_valid,,extrapolative bands,1000,1000,vl_te,K,K=3,3,1.2481934749117216,1002.0,35574987.0
band pixels,drivers_PC1PC2,all_valid,,extrapolative bands,1000,1000,te_tr,K,K=3,3,12.94530515951648,1002.0,35574987.0
band pixels,drivers_PC1PC2,all_valid,,extrapolative bands,1000,1000,vl_tr,K,K=3,3,4.518234544985668,1002.0,35574987.0
band pixels,drivers_PC1PC2,all_valid,,extrapolative bands,1000,1000,vl_te,K,K=3,3,8.201044760100148,1002.0,35574987.0
band pixels,covariates,all_valid,,extrapolative bands,1000,1000,te_tr,K,K=5,5,1.840627482547027,1002.0,35574987.0
band pixels,covariates,all_valid,,extrapolative bands,1000,1000,vl_tr,K,K=5,5,1.281547303523738,1002.0,35574987.0
band pixels,covariates,all_valid,,extrapolative bands,1000,1000,vl_te,K,K=5,5,1.2199085946364425,1002.0,35574987.0
band pixels,drivers_PC1PC2,all_valid,,extrapolative bands,1000,1000,te_tr,K,K=5,5,10.53843526338949,1002.0,35574987.0
band pixels,drivers_PC1PC2,all_valid,,extrapolative bands,1000,1000,vl_tr,K,K=5,5,3.794796227499408,1002.0,35574987.0
band pixels,drivers_PC1PC2,all_valid,,extrapolative bands,1000,1000,vl_te,K,K=5,5,6.7699030875485375,1002.0,35574987.0
band pixels,covariates,all_valid,,extrapolative bands,1000,1000,te_tr,K,K=10,10,1.73386303583329,1002.0,35574987.0
band pixels,covariates,all_valid,,extrapolative bands,1000,1000,vl_tr,K,K=10,10,1.2549839503475502,1002.0,35574987.0
band pixels,covariates,all_valid,,extrapolative bands,1000,1000,vl_te,K,K=10,10,1.1885537679813365,1002.0,35574987.0
band pixels,drivers_PC1PC2,all_valid,,extrapolative bands,1000,1000,te_tr,K,K=10,10,7.85587037007401,1002.0,35574987.0
band pixels,drivers_PC1PC2,all_valid,,extrapolative bands,1000,1000,vl_tr,K,K=10,10,3.001527987567047,1002.0,35574987.0
band pixels,drivers_PC1PC2,all_valid,,extrapolative bands,1000,1000,vl_te,K,K=10,10,5.224447414291983,1002.0,35574987.0
band pixels,covariates,all_valid,,extrapolative bands,1000,1000,te_tr,K,K=20,20,1.6351735768578624,1002.0,35574987.0
band pixels,covariates,all_valid,,extrapolative bands,1000,1000,vl_tr,K,K=20,20,1.2327607912815675,1002.0,35574987.0
band pixels,covariates,all_valid,,extrapolative bands,1000,1000,vl_te,K,K=20,20,1.1598694572934674,1002.0,35574987.0
band pixels,drivers_PC1PC2,all_valid,,extrapolative bands,1000,1000,te_tr,K,K=20,20,5.817310276789901,1002.0,35574987.0
band pixels,drivers_PC1PC2,all_valid,,extrapolative bands,1000,1000,vl_tr,K,K=20,20,2.4126266238756178,1002.0,35574987.0
band pixels,drivers_PC1PC2,all_valid,,extrapolative bands,1000,1000,vl_te,K,K=20,20,4.049594601009046,1002.0,35574987.0
band pixels,covariates,inner,,extrapolative bands,1000,1000,te_tr,K,K=1,1,2.0338553430560675,1000.0,33624026.0
band pixels,covariates,inner,,extrapolative bands,1000,1000,vl_tr,K,K=1,1,1.3274690137980463,1000.0,33624026.0
band pixels,covariates,inner,,extrapolative bands,1000,1000,vl_te,K,K=1,1,1.3083714469480192,1000.0,33624026.0
band pixels,drivers_PC1PC2,inner,,extrapolative bands,1000,1000,te_tr,K,K=1,1,18.434580174913815,1000.0,33624026.0
band pixels,drivers_PC1PC2,inner,,extrapolative bands,1000,1000,vl_tr,K,K=1,1,6.352733433296516,1000.0,33624026.0
band pixels,drivers_PC1PC2,inner,,extrapolative bands,1000,1000,vl_te,K,K=1,1,11.322190434081973,1000.0,33624026.0
band pixels,covariates,inner,,extrapolative bands,1000,1000,te_tr,K,K=3,3,1.8581860268330208,1000.0,33624026.0
band pixels,covariates,inner,,extrapolative bands,1000,1000,vl_tr,K,K=3,3,1.2733046322502122,1000.0,33624026.0
band pixels,covariates,inner,,extrapolative bands,1000,1000,vl_te,K,K=3,3,1.2727652837699366,1000.0,33624026.0
band pixels,drivers_PC1PC2,inner,,extrapolative bands,1000,1000,te_tr,K,K=3,3,12.872970526252788,1000.0,33624026.0
band pixels,drivers_PC1PC2,inner,,extrapolative bands,1000,1000,vl_tr,K,K=3,3,4.610065192530938,1000.0,33624026.0
band pixels,drivers_PC1PC2,inner,,extrapolative bands,1000,1000,vl_te,K,K=3,3,7.914445456945075,1000.0,33624026.0
band pixels,covariates,inner,,extrapolative bands,1000,1000,te_tr,K,K=5,5,1.7785514552287427,1000.0,33624026.0
band pixels,covariates,inner,,extrapolative bands,1000,1000,vl_tr,K,K=5,5,1.2496972214658109,1000.0,33624026.0
band pixels,covariates,inner,,extrapolative bands,1000,1000,vl_te,K,K=5,5,1.24960147048147,1000.0,33624026.0
band pixels,drivers_PC1PC2,inner,,extrapolative bands,1000,1000,te_tr,K,K=5,5,10.576144387857436,1000.0,33624026.0
band pixels,drivers_PC1PC2,inner,,extrapolative bands,1000,1000,vl_tr,K,K=5,5,3.9103151907379208,1000.0,33624026.0
band pixels,drivers_PC1PC2,inner,,extrapolative bands,1000,1000,vl_te,K,K=5,5,6.514661334710179,1000.0,33624026.0
band pixels,covariates,inner,,extrapolative bands,1000,1000,te_tr,K,K=10,10,1.6719434202511354,1000.0,33624026.0
band pixels,covariates,inner,,extrapolative bands,1000,1000,vl_tr,K,K=10,10,1.217743037512936,1000.0,33624026.0
band pixels,covariates,inner,,extrapolative bands,1000,1000,vl_te,K,K=10,10,1.2154716841811144,1000.0,33624026.0
band pixels,drivers_PC1PC2,inner,,extrapolative bands,1000,1000,te_tr,K,K=10,10,7.923206384639083,1000.0,33624026.0
band pixels,drivers_PC1PC2,inner,,extrapolative bands,1000,1000,vl_tr,K,K=10,10,3.1059878568025123,1000.0,33624026.0
band pixels,drivers_PC1PC2,inner,,extrapolative bands,1000,1000,vl_te,K,K=10,10,4.995094889241149,1000.0,33624026.0
band pixels,covariates,inner,,extrapolative bands,1000,1000,te_tr,K,K=20,20,1.573729642695458,1000.0,33624026.0
band pixels,covariates,inner,,extrapolative bands,1000,1000,vl_tr,K,K=20,20,1.1913476532992524,1000.0,33624026.0
band pixels,covariates,inner,,extrapolative bands,1000,1000,vl_te,K,K=20,20,1.1824552037817424,1000.0,33624026.0
band pixels,drivers_PC1PC2,inner,,extrapolative bands,1000,1000,te_tr,K,K=20,20,5.926449612506475,1000.0,33624026.0
band pixels,drivers_PC1PC2,inner,,extrapolative bands,1000,1000,vl_tr,K,K=20,20,2.5037421815799568,1000.0,33624026.0
band pixels,drivers_PC1PC2,inner,,extrapolative bands,1000,1000,vl_te,K,K=20,20,3.89897152499991,1000.0,33624026.0
band pixels,covariates,inner,,extrapolative bands,1000,1000,te_tr,K,K=1,1,2.07971092598675,1001.0,33624026.0
band pixels,covariates,inner,,extrapolative bands,1000,1000,vl_tr,K,K=1,1,1.3433247262455648,1001.0,33624026.0
band pixels,covariates,inner,,extrapolative bands,1000,1000,vl_te,K,K=1,1,1.2890115365957981,1001.0,33624026.0
band pixels,drivers_PC1PC2,inner,,extrapolative bands,1000,1000,te_tr,K,K=1,1,19.07826369915215,1001.0,33624026.0
band pixels,drivers_PC1PC2,inner,,extrapolative bands,1000,1000,vl_tr,K,K=1,1,6.316204824335235,1001.0,33624026.0
band pixels,drivers_PC1PC2,inner,,extrapolative bands,1000,1000,vl_te,K,K=1,1,11.332877760732083,1001.0,33624026.0
band pixels,covariates,inner,,extrapolative bands,1000,1000,te_tr,K,K=3,3,1.9400065463369467,1001.0,33624026.0
band pixels,covariates,inner,,extrapolative bands,1000,1000,vl_tr,K,K=3,3,1.3131046065918583,1001.0,33624026.0
band pixels,covariates,inner,,extrapolative bands,1000,1000,vl_te,K,K=3,3,1.2321890762387657,1001.0,33624026.0
band pixels,drivers_PC1PC2,inner,,extrapolative bands,1000,1000,te_tr,K,K=3,3,13.584047619420186,1001.0,33624026.0
band pixels,drivers_PC1PC2,inner,,extrapolative bands,1000,1000,vl_tr,K,K=3,3,4.697291413397309,1001.0,33624026.0
band pixels,drivers_PC1PC2,inner,,extrapolative bands,1000,1000,vl_te,K,K=3,3,7.799801059479719,1001.0,33624026.0
band pixels,covariates,inner,,extrapolative bands,1000,1000,te_tr,K,K=5,5,1.863541304195203,1001.0,33624026.0
band pixels,covariates,inner,,extrapolative bands,1000,1000,vl_tr,K,K=5,5,1.2942239571577072,1001.0,33624026.0
band pixels,covariates,inner,,extrapolative bands,1000,1000,vl_te,K,K=5,5,1.1995766303526452,1001.0,33624026.0
band pixels,drivers_PC1PC2,inner,,extrapolative bands,1000,1000,te_tr,K,K=5,5,11.08222502419674,1001.0,33624026.0
band pixels,drivers_PC1PC2,inner,,extrapolative bands,1000,1000,vl_tr,K,K=5,5,3.9716133025007117,1001.0,33624026.0
band pixels,drivers_PC1PC2,inner,,extrapolative bands,1000,1000,vl_te,K,K=5,5,6.449359878734657,1001.0,33624026.0
band pixels,covariates,inner,,extrapolative bands,1000,1000,te_tr,K,K=10,10,1.7625673309346104,1001.0,33624026.0
band pixels,covariates,inner,,extrapolative bands,1000,1000,vl_tr,K,K=10,10,1.2690167078411874,1001.0,33624026.0
band pixels,covariates,inner,,extrapolative bands,1000,1000,vl_te,K,K=10,10,1.1642311300304606,1001.0,33624026.0
band pixels,drivers_PC1PC2,inner,,extrapolative bands,1000,1000,te_tr,K,K=10,10,8.333751748805375,1001.0,33624026.0
band pixels,drivers_PC1PC2,inner,,extrapolative bands,1000,1000,vl_tr,K,K=10,10,3.192405420029642,1001.0,33624026.0
band pixels,drivers_PC1PC2,inner,,extrapolative bands,1000,1000,vl_te,K,K=10,10,4.957505007366868,1001.0,33624026.0
band pixels,covariates,inner,,extrapolative bands,1000,1000,te_tr,K,K=20,20,1.6604057325698895,1001.0,33624026.0
band pixels,covariates,inner,,extrapolative bands,1000,1000,vl_tr,K,K=20,20,1.2434184690396732,1001.0,33624026.0
band pixels,covariates,inner,,extrapolative bands,1000,1000,vl_te,K,K=20,20,1.1356516738011937,1001.0,33624026.0
band pixels,drivers_PC1PC2,inner,,extrapolative bands,1000,1000,te_tr,K,K=20,20,6.230352801595577,1001.0,33624026.0
band pixels,drivers_PC1PC2,inner,,extrapolative bands,1000,1000,vl_tr,K,K=20,20,2.580189776040253,1001.0,33624026.0
band pixels,drivers_PC1PC2,inner,,extrapolative bands,1000,1000,vl_te,K,K=20,20,3.8382786205362787,1001.0,33624026.0
band pixels,covariates,inner,,extrapolative bands,1000,1000,te_tr,K,K=1,1,2.05994328230156,1002.0,33624026.0
band pixels,covariates,inner,,extrapolative bands,1000,1000,vl_tr,K,K=1,1,1.3433831089087118,1002.0,33624026.0
band pixels,covariates,inner,,extrapolative bands,1000,1000,vl_te,K,K=1,1,1.3294927591202292,1002.0,33624026.0
band pixels,drivers_PC1PC2,inner,,extrapolative bands,1000,1000,te_tr,K,K=1,1,17.769574493088513,1002.0,33624026.0
band pixels,drivers_PC1PC2,inner,,extrapolative bands,1000,1000,vl_tr,K,K=1,1,5.933713014058634,1002.0,33624026.0
band pixels,drivers_PC1PC2,inner,,extrapolative bands,1000,1000,vl_te,K,K=1,1,11.423329511718688,1002.0,33624026.0
band pixels,covariates,inner,,extrapolative bands,1000,1000,te_tr,K,K=3,3,1.912923920496658,1002.0,33624026.0
band pixels,covariates,inner,,extrapolative bands,1000,1000,vl_tr,K,K=3,3,1.310524880987111,1002.0,33624026.0
band pixels,covariates,inner,,extrapolative bands,1000,1000,vl_te,K,K=3,3,1.2678526365575664,1002.0,33624026.0
band pixels,drivers_PC1PC2,inner,,extrapolative bands,1000,1000,te_tr,K,K=3,3,12.511029775428229,1002.0,33624026.0
band pixels,drivers_PC1PC2,inner,,extrapolative bands,1000,1000,vl_tr,K,K=3,3,4.3887921963312975,1002.0,33624026.0
band pixels,drivers_PC1PC2,inner,,extrapolative bands,1000,1000,vl_te,K,K=3,3,8.191479997678782,1002.0,33624026.0
band pixels,covariates,inner,,extrapolative bands,1000,1000,te_tr,K,K=5,5,1.836784503346959,1002.0,33624026.0
band pixels,covariates,inner,,extrapolative bands,1000,1000,vl_tr,K,K=5,5,1.2905556975172443,1002.0,33624026.0
band pixels,covariates,inner,,extrapolative bands,1000,1000,vl_te,K,K=5,5,1.2378473570033914,1002.0,33624026.0
band pixels,drivers_PC1PC2,inner,,extrapolative bands,1000,1000,te_tr,K,K=5,5,10.338619663240733,1002.0,33624026.0
band pixels,drivers_PC1PC2,inner,,extrapolative bands,1000,1000,vl_tr,K,K=5,5,3.757488389401491,1002.0,33624026.0
band pixels,drivers_PC1PC2,inner,,extrapolative bands,1000,1000,vl_te,K,K=5,5,6.800589091296933,1002.0,33624026.0
band pixels,covariates,inner,,extrapolative bands,1000,1000,te_tr,K,K=10,10,1.7349167995560473,1002.0,33624026.0
band pixels,covariates,inner,,extrapolative bands,1000,1000,vl_tr,K,K=10,10,1.2640115827283007,1002.0,33624026.0
band pixels,covariates,inner,,extrapolative bands,1000,1000,vl_te,K,K=10,10,1.2021675252298265,1002.0,33624026.0
band pixels,drivers_PC1PC2,inner,,extrapolative bands,1000,1000,te_tr,K,K=10,10,7.865292538846324,1002.0,33624026.0
band pixels,drivers_PC1PC2,inner,,extrapolative bands,1000,1000,vl_tr,K,K=10,10,3.05229010796389,1002.0,33624026.0
band pixels,drivers_PC1PC2,inner,,extrapolative bands,1000,1000,vl_te,K,K=10,10,5.22342303346554,1002.0,33624026.0
band pixels,covariates,inner,,extrapolative bands,1000,1000,te_tr,K,K=20,20,1.6350276791208065,1002.0,33624026.0
band pixels,covariates,inner,,extrapolative bands,1000,1000,vl_tr,K,K=20,20,1.2377618002691493,1002.0,33624026.0
band pixels,covariates,inner,,extrapolative bands,1000,1000,vl_te,K,K=20,20,1.16978058793235,1002.0,33624026.0
band pixels,drivers_PC1PC2,inner,,extrapolative bands,1000,1000,te_tr,K,K=20,20,5.903315311966503,1002.0,33624026.0
band pixels,drivers_PC1PC2,inner,,extrapolative bands,1000,1000,vl_tr,K,K=20,20,2.493479377204032,1002.0,33624026.0
band pixels,drivers_PC1PC2,inner,,extrapolative bands,1000,1000,vl_te,K,K=20,20,3.995810751874932,1002.0,33624026.0
