process,experiment,level,arm,n_species,rho_RF,auc_RF,no_skill_RF,rho_CNN-Ensemble,auc_CNN-Ensemble,no_skill_CNN-Ensemble,rho_ceiling,auc_ceiling,contrast,contrast_baseline,pooled_init_sd,abs_contrast_over_sd,within_sd,cnn_fits_unlearned,cnn_fits_total,unlearned,auc_chance_floor,rho_RF-centre,auc_RF-centre,no_skill_RF-centre,rho_RF-patch,auc_RF-patch,no_skill_RF-patch,rho_RF-oracle,auc_RF-oracle,no_skill_RF-oracle
pointwise,sample size,100.0,extrap,3,0.5335818898777173,0.7591703703703704,False,0.3297635158909173,0.6466518518518518,False,,0.8953037037037036,-0.20381837398680003,RF,0.152896827123068,1.3330451509156878,False,3,9,False,0.5667776853391854,,,,,,,,,
pointwise,sample size,250.0,extrap,3,0.6033314444234564,0.7480740740740742,False,0.4238251536128179,0.6807407407407409,False,,0.8874222222222222,-0.17950629081063854,RF,0.12161732920418833,1.4759927058524533,False,1,9,False,0.5667776853391854,,,,,,,,,
pointwise,sample size,500.0,extrap,3,0.6050650933158517,0.7615407407407407,False,0.2928448896476667,0.6298888888888889,False,,0.8849185185185185,-0.312220203668185,RF,0.1976313939074352,1.5798107653605877,False,4,9,False,0.5667776853391854,,,,,,,,,
pointwise,sample size,1000.0,extrap,3,0.6864369169099812,0.7843703703703704,False,0.36211128271795606,0.6635703703703704,False,,0.8920148148148148,-0.3243256341920251,RF,0.16367328242590784,1.9815429212696452,False,1,9,False,0.5667776853391854,,,,,,,,,
pointwise,sample size,2000.0,extrap,3,0.6674571425927293,0.7962222222222222,False,0.42219499575001457,0.6872592592592593,False,,0.8839111111111112,-0.24526214684271466,RF,0.05441956411199721,4.5068745192070505,False,0,9,False,0.5667776853391854,,,,,,,,,
pointwise,sample size,5000.0,extrap,3,0.7689063211813464,0.8221333333333334,False,0.48607873420815784,0.688637037037037,False,,0.8915111111111113,-0.2828275869731885,RF,0.06649871569527148,4.253128560696391,False,1,9,False,0.5667776853391854,,,,,,,,,
pointwise,sample size,100.0,random,3,0.7422608399352585,0.8153333333333332,False,0.593792671770427,0.7423851851851854,False,,0.9151555555555556,-0.1484681681648315,RF,0.07023486659601548,2.1138812581336106,False,0,9,False,0.5667776853391854,,,,,,,,,
pointwise,sample size,250.0,random,3,0.7997662527173869,0.8391555555555555,False,0.6243755300984826,0.7728592592592592,False,,0.9084444444444445,-0.1753907226189044,RF,0.05776708441002755,3.0361705876306795,False,0,9,False,0.5667776853391854,,,,,,,,,
pointwise,sample size,500.0,random,3,0.8523580143703988,0.8496740740740741,False,0.6699047767197412,0.7757333333333332,False,,0.9119555555555555,-0.18245323765065757,RF,0.0836202616554336,2.181926174812464,False,0,9,False,0.5667776853391854,,,,,,,,,
pointwise,sample size,1000.0,random,3,0.8787819465240704,0.8983851851851852,False,0.681467275562321,0.8077185185185186,False,,0.9350074074074075,-0.1973146709617495,RF,0.07213517828623085,2.7353459941390743,False,0,9,False,0.5667776853391854,,,,,,,,,
pointwise,sample size,2000.0,random,3,0.9047511897321923,0.9004962962962964,False,0.741350311299755,0.8260592592592593,False,,0.9229333333333334,-0.16340087843243709,RF,0.05563723136316819,2.936898088365489,False,0,9,False,0.5667776853391854,,,,,,,,,
pointwise,sample size,5000.0,random,3,0.9290611691335977,0.905837037037037,False,0.7581158309166397,0.8182962962962964,False,,0.924162962962963,-0.17094533821695782,RF,0.017339542545527203,9.858699430398397,False,0,9,False,0.5667776853391854,,,,,,,,,
pointwise,prevalence,0.05,extrap,3,0.6080916454627273,0.746162962962963,False,0.33534742978625687,0.6078370370370371,False,,0.8557333333333333,-0.2727442156764704,RF,0.10730922588242611,2.5416660444024073,False,2,9,False,0.5667776853391854,,,,,,,,,
pointwise,prevalence,0.1,extrap,3,0.7137683752041689,0.7906666666666667,False,0.45664359233621116,0.6905777777777778,False,,0.8726666666666666,-0.25712478286795776,RF,0.0918270497137629,2.800098485897672,False,3,9,False,0.5667776853391854,,,,,,,,,
pointwise,prevalence,0.2,extrap,3,0.8067505935251131,0.8604592592592594,False,0.4724277677159376,0.6944148148148148,False,,0.9025185185185185,-0.3343228258091755,RF,0.062154508433376505,5.378899041049236,False,0,9,False,0.5667776853391854,,,,,,,,,
pointwise,prevalence,0.3,extrap,3,0.7697380341263051,0.8285925925925927,False,0.4499555180242743,0.674162962962963,False,,0.9047703703703703,-0.31978251610203073,RF,0.054769544311665634,5.83869229004921,False,1,9,False,0.5667776853391854,,,,,,,,,
pointwise,prevalence,0.5,extrap,3,0.8632922184314737,0.8591851851851852,False,0.40604747460156965,0.6829185185185187,False,,0.9127555555555555,-0.4572447438299041,RF,0.043539938869833615,10.50173141484825,False,3,9,False,0.5667776853391854,,,,,,,,,
pointwise,prevalence,0.7,extrap,3,0.8488975803434853,0.8512148148148148,False,0.5349854998388871,0.7109185185185186,False,,0.8956296296296297,-0.3139120805045982,RF,0.10914357766756176,2.8761388183621457,False,0,9,False,0.5667776853391854,,,,,,,,,
pointwise,prevalence,0.05,random,3,0.8850017343408081,0.9109185185185185,False,0.7721030974418234,0.8574518518518519,False,,0.934237037037037,-0.11289863689898465,RF,0.027558330275498297,4.096715431245164,False,0,9,False,0.5667776853391854,,,,,,,,,
pointwise,prevalence,0.1,random,3,0.8976034128082878,0.9032740740740741,False,0.7601299273695634,0.8618222222222222,False,,0.9252740740740742,-0.13747348543872462,RF,0.04236798053600833,3.244749541977499,False,0,9,False,0.5667776853391854,,,,,,,,,
pointwise,prevalence,0.2,random,3,0.9046474724754026,0.896888888888889,False,0.7067717048707948,0.824474074074074,False,,0.9290666666666666,-0.1978757676046077,RF,0.060211218269558976,3.2863604705478595,False,0,9,False,0.5667776853391854,,,,,,,,,
pointwise,prevalence,0.3,random,3,0.9012535006535739,0.8687777777777778,False,0.6832031467016298,0.7697333333333333,False,,0.9106962962962962,-0.21805035395194397,RF,0.049298873689477336,4.423029120815107,False,0,9,False,0.5667776853391854,,,,,,,,,
pointwise,prevalence,0.5,random,3,0.9083280401287998,0.8480740740740741,False,0.6841807871939318,0.7639111111111111,False,,0.8914962962962963,-0.22414725293486795,RF,0.04773167626311149,4.695985359896021,False,0,9,False,0.5667776853391854,,,,,,,,,
pointwise,prevalence,0.7,random,3,0.9156470627451417,0.8532888888888889,False,0.6523832487027633,0.7473185185185186,False,,0.8824148148148149,-0.2632638140423783,RF,0.06024806251258922,4.369664401861349,False,0,9,False,0.5667776853391854,,,,,,,,,
pointwise,resolution,100.0,extrap,3,0.7798375537505972,0.809125925925926,False,0.4733811116419811,0.6914074074074076,False,1.0,0.8686370370370371,-0.30645644210861606,RF,0.06079311909534351,5.040972509207696,False,1,9,False,0.5667776853391854,,,,,,,,,
pointwise,resolution,200.0,extrap,3,0.6693075848990914,0.7475555555555555,False,0.48855595619784015,0.6928518518518518,False,0.8966921854687272,0.8414962962962963,-0.18075162870125128,RF,0.08923887370340171,2.025480838115522,False,2,9,False,0.5667776853391854,,,,,,,,,
pointwise,resolution,400.0,extrap,3,0.6140328966618146,0.7407851851851852,False,0.49776078993470296,0.6990962962962962,False,0.7975201205939324,0.7930222222222222,-0.11627210672711175,RF,0.052876913798711435,2.1989200649971594,False,1,9,False,0.5667776853391854,,,,,,,,,
pointwise,resolution,100.0,random,3,0.904103939146441,0.9152740740740741,False,0.7226475849731663,0.8249481481481483,False,1.0,0.9351259259259259,-0.18145635417327474,RF,0.04460215434950982,4.0683316045981295,False,0,9,False,0.5667776853391854,,,,,,,,,
pointwise,resolution,200.0,random,3,0.8638505961595796,0.8943851851851852,False,0.7358896838726636,0.8324888888888888,False,0.9494549939443774,0.9126518518518519,-0.12796091228691608,RF,0.07568384213360946,1.6907296019805471,False,0,9,False,0.5667776853391854,,,,,,,,,
pointwise,resolution,400.0,random,3,0.8139531920725044,0.8728592592592593,False,0.7505936732630362,0.8295407407407408,False,0.894337048189424,0.8892592592592593,-0.06335951880946826,RF,0.05061191972978787,1.2518695032264848,False,0,9,False,0.5667776853391854,,,,,,,,,
pointwise,patch size,8.0,extrap,3,0.7203706707852309,0.8207703703703704,False,0.5599410363818856,0.7391407407407408,False,,0.8852148148148148,-0.16042963440334523,RF,0.07579481902008302,2.1166306150930567,False,0,9,False,0.5667776853391854,,,,,,,,,
pointwise,patch size,16.0,extrap,3,0.735129852839151,0.823051851851852,False,0.5525880657933235,0.7249925925925925,False,,0.8986814814814815,-0.18254178704582735,RF,0.06723500426730876,2.7149814153367053,False,1,9,False,0.5667776853391854,,,,,,,,,
pointwise,patch size,32.0,extrap,3,0.739784367974459,0.8122666666666666,False,0.3365947029041063,0.6637925925925926,False,,0.8643407407407407,-0.40318966507035264,RF,0.11586099306659488,3.4799431145787456,False,3,9,False,0.5667776853391854,,,,,,,,,
pointwise,patch size,64.0,extrap,3,0.7804743482042381,0.8190222222222223,False,0.34231269236324846,0.6363851851851852,False,,0.8936740740740742,-0.43816165584098954,RF,0.07416949774012582,5.907572104319959,False,1,9,False,0.5667776853391854,,,,,,,,,
pointwise,patch size,8.0,random,3,0.9132319182388571,0.8961333333333332,False,0.8576514553865414,0.8716444444444443,False,,0.9237333333333333,-0.055580462852315736,RF,0.09896487963567556,0.5616180513423239,True,0,9,False,0.5667776853391854,,,,,,,,,
pointwise,patch size,16.0,random,3,0.8995432206678791,0.8725925925925925,False,0.7887355785434652,0.8317185185185186,False,,0.9157925925925925,-0.1108076421244137,RF,0.07449679961428117,1.4874147976575853,False,0,9,False,0.5667776853391854,,,,,,,,,
pointwise,patch size,32.0,random,3,0.9134061968696053,0.8924444444444445,False,0.6797749604625237,0.8097037037037037,False,,0.9162370370370371,-0.2336312364070818,RF,0.024945484344527615,9.365672487266593,False,0,9,False,0.5667776853391854,,,,,,,,,
pointwise,patch size,64.0,random,3,0.9023268953596815,0.8874719511616936,False,0.6787242387731801,0.7664811371676956,False,,0.9257310570363835,-0.2236026565865015,RF,0.05111009602538675,4.374921472959794,False,0,9,False,0.5709324036180978,,,,,,,,,
configurational,sample size,100.0,extrap,3,,,,0.03355593373581863,0.5312296296296296,True,0.9196374364932887,0.9243925925925925,0.02717822958726156,RF-patch,0.05635234078565485,0.4822910496413682,True,6,9,True,0.5667776853391854,-0.020802524947557313,0.5054740740740741,True,0.006377704148557068,0.5065037037037037,True,0.5570916982749469,0.7354074074074074,False
configurational,sample size,250.0,extrap,3,,,,0.0017071256805393069,0.488,True,0.9380102920485923,0.9176222222222222,0.015686475595399273,RF-patch,0.06526617863852832,0.24034616278482618,True,9,9,True,0.5667776853391854,-0.020311120887703885,0.5044518518518518,True,-0.013979349914859968,0.5086962962962963,True,0.7550404689072098,0.8623555555555557,False
configurational,sample size,500.0,extrap,3,,,,0.04681311560051014,0.5096,True,0.920548900824913,0.9174074074074073,0.061556392973364515,RF-patch,0.03128120887220421,1.9678393256745959,False,8,9,True,0.5667776853391854,-0.034454458966818396,0.4777481481481482,True,-0.014743277372854378,0.48460740740740743,True,0.7994881452002263,0.8462296296296296,False
configurational,sample size,1000.0,extrap,3,,,,0.07780176895809719,0.5376148148148149,True,0.9261310015942192,0.9247925925925925,0.029411078032856666,RF-patch,0.07363471801767,0.39941862785159216,True,5,9,True,0.5667776853391854,0.04440265127134757,0.5384888888888889,True,0.04839069092524053,0.5394074074074074,True,0.868713067505743,0.8850962962962964,False
configurational,sample size,2000.0,extrap,3,,,,0.5652866726049262,0.7388444444444445,False,0.9268020964599537,0.9154296296296295,0.5549661874004467,RF-patch,0.16833619130588795,3.2967728632519884,False,3,9,False,0.5667776853391854,-0.01960429758981707,0.5113333333333333,True,0.010320485204479464,0.5277185185185186,True,0.8752816830623958,0.8961185185185184,False
configurational,sample size,5000.0,extrap,3,,,,0.7061750682031774,0.8037185185185186,False,0.9261275477491037,0.9295777777777778,0.6743948616240744,RF-patch,0.04518579749099723,14.924929935306334,False,0,9,False,0.5667776853391854,0.021874764411957737,0.5088592592592592,True,0.031780206579103,0.5046666666666667,True,0.9058493625853403,0.9067703703703703,False
configurational,sample size,100.0,random,3,,,,0.059875117738018534,0.5098666666666667,True,0.9319445616566607,0.9246074074074074,0.06243840768798192,RF-patch,0.06514384500384295,0.9584697937970744,True,7,9,True,0.5667776853391854,-0.034799873370036365,0.4658814814814814,True,-0.002563289949963374,0.4871407407407408,True,0.583959910551148,0.7602814814814814,False
configurational,sample size,250.0,random,3,,,,0.1306691575757651,0.5366962962962963,True,0.9223000688575076,0.9209037037037037,0.12109949433261909,RF-patch,0.06605053068801912,1.8334371135429086,False,9,9,True,0.5667776853391854,0.012890811163726793,0.5198814814814815,True,0.009569663243146,0.524962962962963,True,0.7081953098604804,0.8259851851851852,False
configurational,sample size,500.0,random,3,,,,0.10358524479817026,0.5396444444444445,True,0.9238548259975671,0.9150666666666667,0.12378347283853082,RF-patch,0.100232233393092,1.2349667232603236,False,7,9,True,0.5667776853391854,-0.017526789216732685,0.49017777777777766,True,-0.020198228040360564,0.4843851851851852,True,0.8248983733888813,0.8572296296296296,False
configurational,sample size,1000.0,random,3,,,,0.3230776402826939,0.6690518518518518,False,0.9250799771565003,0.9322074074074074,0.29076771234879284,RF-patch,0.25869066147556985,1.1239977148392435,False,5,9,True,0.5667776853391854,0.03500365941871097,0.510325925925926,True,0.03230992793390106,0.49933333333333335,True,0.867129387417039,0.8954814814814815,False
configurational,sample size,2000.0,random,3,,,,0.468082462262226,0.7232518518518519,False,0.9196021639743484,0.937637037037037,0.43186531200626116,RF-patch,0.1690598133783777,2.554511940928805,False,5,9,True,0.5667776853391854,0.03147983684025929,0.5138962962962963,True,0.03621715025596492,0.5247555555555555,True,0.9029899489493795,0.9264444444444445,False
configurational,sample size,5000.0,random,3,,,,0.7023519520587266,0.8027407407407408,False,0.9292174851899463,0.9269925925925926,0.6905247095338095,RF-patch,0.19509965220664016,3.5393436211892317,False,1,9,False,0.5667776853391854,-0.033824079526809554,0.49745185185185187,True,0.011827242524916947,0.5015111111111111,True,0.9236544064862873,0.9061629629629628,False
configurational,prevalence,0.05,extrap,3,,,,0.4443378546273498,0.6700296296296296,False,0.9154230136873436,0.8862962962962962,0.3973738484785005,RF-patch,0.31984319068028033,1.2424020897031411,False,4,9,False,0.5667776853391854,-0.031963985294945235,0.47635555555555564,True,0.04696400614884937,0.49694814814814814,True,0.8842067068123218,0.8673037037037038,False
configurational,prevalence,0.1,extrap,3,,,,0.5192294216619752,0.7159703703703704,False,0.9104839685929695,0.9028,0.46856626322413186,RF-patch,0.2857528768381691,1.639760440590405,False,4,9,False,0.5667776853391854,-0.024749615874731873,0.48422222222222217,True,0.05066315843784323,0.4931703703703703,True,0.8634528514579474,0.8697925925925926,False
configurational,prevalence,0.2,extrap,3,,,,0.5227664090844023,0.7338518518518519,False,0.9182701411981941,0.9270740740740742,0.5105467937171504,RF-patch,0.17711272759314434,2.882609288757363,False,2,9,False,0.5667776853391854,0.012136580321595468,0.5051407407407408,True,0.012219615367251878,0.505762962962963,True,0.8937178805739036,0.8985925925925926,False
configurational,prevalence,0.3,extrap,3,,,,0.5660590966603282,0.7649925925925926,False,0.9376507331800961,0.9435111111111111,0.5223143756718235,RF-patch,0.22339822632326978,2.3380417305373107,False,3,9,False,0.5667776853391854,0.028622697062554565,0.5119111111111111,True,0.04374472098850476,0.5201925925925927,True,0.9098363437155119,0.9211703703703704,False
configurational,prevalence,0.5,extrap,3,,,,0.6699379622736549,0.7796148148148149,False,0.9559122258008005,0.9498222222222221,0.6927155486912818,RF-patch,0.37419579725853286,1.851211461396192,False,3,9,False,0.5667776853391854,-0.011794205120797638,0.4935851851851852,True,-0.022777586417626856,0.4905481481481482,True,0.9373902672992663,0.9333037037037037,False
configurational,prevalence,0.7,extrap,3,,,,0.7874171935243724,0.8512296296296297,False,0.9467057634633799,0.9434814814814816,0.8443864191083604,RF-patch,0.05458689492031416,15.468665516530919,False,0,9,False,0.5667776853391854,-0.05937132634807054,0.505762962962963,True,-0.05696922558398796,0.5085925925925925,True,0.926962595880695,0.9239999999999999,False
configurational,prevalence,0.05,random,3,,,,0.5361551424645459,0.7128296296296296,False,0.9068453246277765,0.8851851851851852,0.5034964092193617,RF-patch,0.32541470944969186,1.5472453905689247,False,4,9,False,0.5667776853391854,0.010189150249817593,0.5100148148148148,True,0.0326587332451842,0.49767407407407416,True,0.8621176146263615,0.8553185185185185,False
configurational,prevalence,0.1,random,3,,,,0.3245169751349452,0.6390370370370371,False,0.9106519371061498,0.8950148148148148,0.3252828366625638,RF-patch,0.26453235362165683,1.2296523741205372,False,6,9,True,0.5667776853391854,-0.010562859814008967,0.5178222222222223,True,-0.0007658615276186015,0.514,True,0.885837406138524,0.858311111111111,False
configurational,prevalence,0.2,random,3,,,,0.5694346125439887,0.7330962962962962,False,0.9173737552646721,0.9093185185185185,0.5835804009207991,RF-patch,0.20897653806807362,2.792564209914795,False,2,9,False,0.5667776853391854,-0.012479843755283701,0.49604444444444445,True,-0.014145788376810388,0.4944148148148148,True,0.8862699503629642,0.8826814814814815,False
configurational,prevalence,0.3,random,3,,,,0.5909337781540128,0.775762962962963,False,0.9413362155655811,0.9506962962962963,0.6263275785104824,RF-patch,0.2594715005072817,2.4138588526523184,False,2,9,False,0.5667776853391854,0.00902091603251847,0.5149925925925926,True,-0.03539380035646954,0.49173333333333336,True,0.9091931188965786,0.9265333333333333,False
configurational,prevalence,0.5,random,3,,,,0.7181734025009968,0.8242074074074074,False,0.9540041644848255,0.951274074074074,0.7178203635066266,RF-patch,0.2951588859537267,2.431979512279235,False,2,9,False,0.5667776853391854,-0.02008022482849244,0.5108444444444444,True,0.000353038994370188,0.5173777777777778,True,0.9234009153711694,0.932074074074074,False
configurational,prevalence,0.7,random,3,,,,0.7855352466879261,0.8647555555555556,False,0.9457441524354538,0.9567555555555556,0.7799028878098645,RF-patch,0.29081598489425387,2.6817744839350968,False,1,9,False,0.5667776853391854,-0.011799982962773658,0.49865185185185185,True,0.005632358878061611,0.5214074074074074,True,0.928591399067696,0.9443851851851851,False
configurational,resolution,100.0,extrap,3,,,,0.4490948392109857,0.7091703703703702,False,0.9228955706684496,0.9254888888888889,0.44202772087298053,RF-patch,0.2694128661709492,1.6407075399008708,False,2,9,False,0.5667776853391854,-0.003001439188532335,0.4877037037037037,True,0.00706711833800529,0.48573333333333335,True,0.8873281027516015,0.8998370370370369,False
configurational,resolution,200.0,extrap,3,,,,0.4813266139981698,0.7151111111111111,False,0.7561110514649267,0.9158666666666666,0.13876127088614723,RF-patch,0.1850886761761034,0.7497015687449309,True,1,9,False,0.5667776853391854,-0.007798084007083562,0.477362962962963,True,0.3425653431120225,0.6383407407407408,False,0.8644474024676781,0.8891851851851852,False
configurational,resolution,400.0,extrap,3,,,,0.20577809734035588,0.5847111111111111,False,0.617830943337365,0.8939555555555555,-0.24295496552269266,RF-patch,0.13096923552116455,1.855053704451312,False,6,9,True,0.5667776853391854,-0.028498170749247403,0.4779407407407407,True,0.44873306286304854,0.6864592592592592,False,0.8078738369869929,0.8686814814814814,False
configurational,resolution,100.0,random,3,,,,0.6044689470745475,0.7603703703703704,False,0.918471356328356,0.9182814814814814,0.6071507583675068,RF-patch,0.352206737573266,1.7238476542238417,False,4,9,False,0.5667776853391854,-0.047843059016659716,0.4798518518518518,True,-0.0026818112929592433,0.5109037037037036,True,0.8811827659513659,0.8840444444444445,False
configurational,resolution,200.0,random,3,,,,0.4301219472850888,0.6856,False,0.7964808451231365,0.907288888888889,0.05939919468735682,RF-patch,0.2851161979636302,0.2083332869601953,True,4,9,False,0.5667776853391854,-0.039938969868560124,0.4849925925925926,True,0.3707227525977321,0.6660148148148148,False,0.8664616760141111,0.8776444444444444,False
configurational,resolution,400.0,random,3,,,,0.31128527499553454,0.6251111111111111,False,0.600430062723408,0.8743407407407408,-0.1626864200569607,RF-patch,0.2109719357023555,0.7711282522737185,True,7,9,True,0.5667776853391854,-0.012797926775265348,0.4857333333333333,True,0.47397169505249526,0.7088148148148149,False,0.8085901021901339,0.8304592592592593,False
configurational,patch size,8.0,extrap,3,,,,0.0366903359864268,0.5153407407407408,True,0.19165376765528372,0.9109481481481482,-0.017934419810917198,RF-patch,0.051661273424559666,0.3471540405814157,True,8,9,True,0.5667776853391854,-0.01590802827940516,0.46887407407407405,True,0.05462475579734399,0.5130962962962963,True,0.8965366044941447,0.8851407407407407,False
configurational,patch size,16.0,extrap,3,,,,0.10656771189877996,0.5454962962962963,True,0.41110613978502913,0.9297851851851853,-0.05589988912652144,RF-patch,0.11638904337677564,0.4802848060668548,True,5,9,True,0.5667776853391854,0.02852187563438229,0.530711111111111,True,0.16246760102530142,0.5660888888888889,True,0.8925302249898212,0.9062370370370371,False
configurational,patch size,32.0,extrap,3,,,,0.4421760218151787,0.6852296296296295,False,0.9199565549346448,0.917674074074074,0.4128761398186527,RF-patch,0.19316047826060392,2.1374773118009043,False,5,9,True,0.5667776853391854,0.008356980494221844,0.49522962962962963,True,0.02929988199652601,0.4958962962962962,True,0.8772149141823977,0.8933333333333334,False
configurational,patch size,64.0,extrap,3,,,,0.0797911507682893,0.5283852741463549,True,0.35287412617436253,0.9124243086396587,0.04893279877318241,RF-patch,0.09027023779270626,0.5420701215560122,True,6,9,True,0.5670774677204107,0.021120025537567127,0.4871786604393848,True,0.030858351995106892,0.4987925884225379,True,0.8594135649447442,0.8864144812104279,False
configurational,patch size,8.0,random,3,,,,0.13570218954679464,0.5662962962962964,True,0.19345800204847655,0.9217407407407409,0.06648630167960816,RF-patch,0.05968553522900884,1.1139432933709197,False,7,9,True,0.5667776853391854,0.0255702128805373,0.5314074074074074,True,0.06921588786718648,0.5477333333333333,True,0.893947805052449,0.9013629629629629,False
configurational,patch size,16.0,random,3,,,,0.04711215854610381,0.5398814814814815,True,0.36675177996592545,0.9268000000000001,-0.0319385031945807,RF-patch,0.028593832174310024,1.1169717650953996,False,6,9,True,0.5667776853391854,-0.04776986515821746,0.4866074074074074,True,0.07905066174068451,0.5429925925925926,True,0.9062348333370789,0.9073333333333332,False
configurational,patch size,32.0,random,3,,,,0.5992527324377678,0.763525925925926,False,0.9331816113119984,0.9254074074074073,0.5241289347659418,RF-patch,0.2232780957198472,2.347426571675799,False,3,9,False,0.5667776853391854,0.057893384000562965,0.5264444444444444,True,0.07512379767182599,0.5299555555555556,True,0.8946600354585348,0.9012148148148148,False
configurational,patch size,64.0,random,3,,,,0.14004290479194756,0.5435260691518738,True,0.3598270220754901,0.9274769650353698,0.13908017690066296,RF-patch,0.08194348327026535,1.6972695246789768,False,7,9,True,0.5673051472211075,-0.005374771917728352,0.5077131579517976,True,0.0009627278912845745,0.4994814174416577,True,0.8840286434015034,0.8878056971646823,False
