process,experiment,level,arm,species_no,seed,init,rho,auc,best_val_auc,learned
pointwise,sample size,100.0,extrap,0,42,0,0.2250398587806388,0.5689333333333334,0.5428000092506409,False
pointwise,sample size,100.0,extrap,0,42,1,-0.08497916643518261,0.44404444444444446,0.5548444390296936,False
pointwise,sample size,100.0,extrap,0,42,2,0.06315314614606828,0.5712444444444444,0.5886222124099731,True
pointwise,sample size,100.0,extrap,1,55838,0,0.5260547339414883,0.7425777777777778,0.6687333583831787,True
pointwise,sample size,100.0,extrap,1,55838,1,0.25606062289580994,0.6324000000000001,0.6134889125823975,True
pointwise,sample size,100.0,extrap,1,55838,2,0.11887732085912066,0.5496000000000001,0.5397555828094482,False
pointwise,sample size,100.0,extrap,2,63757,0,0.23174701941132678,0.6148,0.6578444242477417,True
pointwise,sample size,100.0,extrap,2,63757,1,0.33032855920621335,0.6487555555555555,0.7039332985877991,True
pointwise,sample size,100.0,extrap,2,63757,2,0.23389637662640694,0.6112,0.652066707611084,True
pointwise,sample size,250.0,extrap,0,42,0,0.05209524550272781,0.5148888888888888,0.5355555415153503,False
pointwise,sample size,250.0,extrap,0,42,1,0.17239347103856706,0.5479999999999999,0.5707333087921143,True
pointwise,sample size,250.0,extrap,0,42,2,0.14855142834920387,0.522,0.5791333913803101,True
pointwise,sample size,250.0,extrap,1,55838,0,0.5016064622940255,0.7100444444444445,0.6501777768135071,True
pointwise,sample size,250.0,extrap,1,55838,1,0.5731819242436027,0.7724444444444444,0.6647555828094482,True
pointwise,sample size,250.0,extrap,1,55838,2,0.5683387593195479,0.7342222222222222,0.6665555238723755,True
pointwise,sample size,250.0,extrap,2,63757,0,0.09273036367070744,0.5583555555555555,0.5705333948135376,True
pointwise,sample size,250.0,extrap,2,63757,1,0.48540672674140817,0.7190666666666665,0.6672666668891907,True
pointwise,sample size,250.0,extrap,2,63757,2,0.31140968232980365,0.6528444444444444,0.6171555519104004,True
pointwise,sample size,500.0,extrap,0,42,0,0.10487405415615729,0.5536444444444445,0.5328888893127441,False
pointwise,sample size,500.0,extrap,0,42,1,0.23292881032011464,0.5937777777777777,0.5458666682243347,False
pointwise,sample size,500.0,extrap,0,42,2,-0.13616063913606227,0.4175333333333333,0.5517111420631409,False
pointwise,sample size,500.0,extrap,1,55838,0,0.4059427326970299,0.6656000000000001,0.6823999881744385,True
pointwise,sample size,500.0,extrap,1,55838,1,0.16337140709817335,0.5622444444444444,0.4854222238063812,False
pointwise,sample size,500.0,extrap,1,55838,2,0.2974548936604751,0.6407111111111111,0.5829777717590332,True
pointwise,sample size,500.0,extrap,2,63757,0,-0.0482212078157769,0.4842222222222222,0.5780222415924072,True
pointwise,sample size,500.0,extrap,2,63757,1,0.292956143957155,0.6474666666666666,0.6666666865348816,True
pointwise,sample size,500.0,extrap,2,63757,2,0.4608437871531906,0.7242222222222222,0.612755537033081,True
pointwise,sample size,1000.0,extrap,0,42,0,0.22334025933621482,0.5898222222222222,0.5837777853012085,True
pointwise,sample size,1000.0,extrap,0,42,1,0.20900676674185267,0.5681333333333334,0.6133333444595337,True
pointwise,sample size,1000.0,extrap,0,42,2,0.20029555883954267,0.5596,0.6215333342552185,True
pointwise,sample size,1000.0,extrap,1,55838,0,0.2289727663640707,0.6285777777777778,0.5884444713592529,True
pointwise,sample size,1000.0,extrap,1,55838,1,0.6096889965444061,0.7658222222222222,0.6627333760261536,True
pointwise,sample size,1000.0,extrap,1,55838,2,0.5548523872487471,0.7608888888888888,0.700355589389801,True
pointwise,sample size,1000.0,extrap,2,63757,0,0.06109623440260447,0.5464888888888889,0.5948221683502197,True
pointwise,sample size,1000.0,extrap,2,63757,1,0.2156028400315559,0.5841333333333333,0.5538444519042969,False
pointwise,sample size,1000.0,extrap,2,63757,2,0.4477285303170035,0.7128000000000001,0.6881999969482422,True
pointwise,sample size,2000.0,extrap,0,42,0,0.15840931565906288,0.5844888888888888,0.5722666382789612,True
pointwise,sample size,2000.0,extrap,0,42,1,0.23619709510073536,0.6369555555555555,0.6353777647018433,True
pointwise,sample size,2000.0,extrap,0,42,2,0.1430180335337059,0.5816888888888889,0.6543999910354614,True
pointwise,sample size,2000.0,extrap,1,55838,0,0.558998655540617,0.7779111111111112,0.7062666416168213,True
pointwise,sample size,2000.0,extrap,1,55838,1,0.5899301103345593,0.7715555555555556,0.7222000360488892,True
pointwise,sample size,2000.0,extrap,1,55838,2,0.5784268714096823,0.7752888888888889,0.7228000164031982,True
pointwise,sample size,2000.0,extrap,2,63757,0,0.2900494449938332,0.597511111111111,0.625844419002533,True
pointwise,sample size,2000.0,extrap,2,63757,1,0.4448947210524561,0.6600888888888888,0.6569333076477051,True
pointwise,sample size,2000.0,extrap,2,63757,2,0.3887383625082928,0.6640666666666667,0.6195333003997803,True
pointwise,sample size,5000.0,extrap,0,42,0,0.03286703185590951,0.515511111111111,0.5929999947547913,True
pointwise,sample size,5000.0,extrap,0,42,1,0.24891387682085356,0.5733333333333333,0.5584444403648376,False
pointwise,sample size,5000.0,extrap,0,42,2,0.1269427438082645,0.5854666666666667,0.5879555344581604,True
pointwise,sample size,5000.0,extrap,1,55838,0,0.5873189702107801,0.755688888888889,0.6983555555343628,True
pointwise,sample size,5000.0,extrap,1,55838,1,0.6653336148179425,0.7586222222222222,0.752666711807251,True
pointwise,sample size,5000.0,extrap,1,55838,2,0.6307043411593461,0.7525777777777778,0.7360222339630127,True
pointwise,sample size,5000.0,extrap,2,63757,0,0.5607991199902221,0.7282222222222222,0.7402222156524658,True
pointwise,sample size,5000.0,extrap,2,63757,1,0.5576137512639028,0.720088888888889,0.7399333715438843,True
pointwise,sample size,5000.0,extrap,2,63757,2,0.5615524616940187,0.7243111111111112,0.7615777850151062,True
pointwise,sample size,100.0,random,0,42,0,0.41823664707385627,0.6195555555555556,0.6753777265548706,True
pointwise,sample size,100.0,random,0,42,1,0.45374193046589406,0.6327999999999999,0.7171555161476135,True
pointwise,sample size,100.0,random,0,42,2,0.47803953377259745,0.6394222222222221,0.7274222373962402,True
pointwise,sample size,100.0,random,1,55838,0,0.6944357159523995,0.8204888888888889,0.8391110897064209,True
pointwise,sample size,100.0,random,1,55838,1,0.702160246224958,0.8498666666666667,0.8483777642250061,True
pointwise,sample size,100.0,random,1,55838,2,0.7353463927376971,0.8562666666666667,0.8730000257492065,True
pointwise,sample size,100.0,random,2,63757,0,0.36333914821275787,0.6712,0.724755585193634,True
pointwise,sample size,100.0,random,2,63757,1,0.5711027900310003,0.7453333333333334,0.7479777336120605,True
pointwise,sample size,100.0,random,2,63757,2,0.5560528450316115,0.7290222222222223,0.8144222497940063,True
pointwise,sample size,250.0,random,0,42,0,0.46524916943521594,0.6442222222222223,0.6752000451087952,True
pointwise,sample size,250.0,random,0,42,1,0.5423202480027556,0.6732,0.6906445026397705,True
pointwise,sample size,250.0,random,0,42,2,0.3640404893387704,0.6181777777777777,0.6205777525901794,True
pointwise,sample size,250.0,random,1,55838,0,0.7300316670185224,0.8543111111111111,0.8452000021934509,True
pointwise,sample size,250.0,random,1,55838,1,0.644062711807909,0.8240888888888889,0.8043111562728882,True
pointwise,sample size,250.0,random,1,55838,2,0.6975690841009344,0.8448000000000001,0.8431999683380127,True
pointwise,sample size,250.0,random,2,63757,0,0.5426620295781064,0.7277333333333333,0.7384222149848938,True
pointwise,sample size,250.0,random,2,63757,1,0.5655093945488282,0.7794222222222222,0.7884666919708252,True
pointwise,sample size,250.0,random,2,63757,2,0.5562551313075881,0.7567111111111111,0.7631111145019531,True
pointwise,sample size,500.0,random,0,42,0,0.4477387526528072,0.6506666666666667,0.6848222613334656,True
pointwise,sample size,500.0,random,0,42,1,0.5053961161119728,0.6786444444444444,0.6338889002799988,True
pointwise,sample size,500.0,random,0,42,2,0.6509881220902455,0.7237777777777777,0.7626222372055054,True
pointwise,sample size,500.0,random,1,55838,0,0.7639627106967855,0.8129777777777778,0.8608443737030029,True
pointwise,sample size,500.0,random,1,55838,1,0.7725388059867331,0.8312888888888889,0.8462221622467041,True
pointwise,sample size,500.0,random,1,55838,2,0.7531225902510027,0.8213777777777779,0.8543333411216736,True
pointwise,sample size,500.0,random,2,63757,0,0.5511101234458161,0.7652,0.8182222247123718,True
pointwise,sample size,500.0,random,2,63757,1,0.41109301214457933,0.6645333333333333,0.7646222114562988,True
pointwise,sample size,500.0,random,2,63757,2,0.6036889298769986,0.7900888888888888,0.8346444368362427,True
pointwise,sample size,1000.0,random,0,42,0,0.396872409693441,0.6201333333333334,0.7361111640930176,True
pointwise,sample size,1000.0,random,0,42,1,0.5759192879920888,0.7153333333333334,0.7975777983665466,True
pointwise,sample size,1000.0,random,0,42,2,0.6287580973121923,0.7277333333333333,0.7902222275733948,True
pointwise,sample size,1000.0,random,1,55838,0,0.7603560039555995,0.8779555555555556,0.8721778392791748,True
pointwise,sample size,1000.0,random,1,55838,1,0.8009071211902354,0.8995555555555556,0.8868444561958313,True
pointwise,sample size,1000.0,random,1,55838,2,0.7760926232513694,0.8888888888888888,0.8828888535499573,True
pointwise,sample size,1000.0,random,2,63757,0,0.6821560239558218,0.8192,0.7989111542701721,True
pointwise,sample size,1000.0,random,2,63757,1,0.6481489794331048,0.8141777777777778,0.8023555278778076,True
pointwise,sample size,1000.0,random,2,63757,2,0.6851462794031045,0.8281777777777778,0.8094221949577332,True
pointwise,sample size,2000.0,random,0,42,0,0.7540194891054345,0.7697333333333335,0.79913330078125,True
pointwise,sample size,2000.0,random,0,42,1,0.727129856998411,0.7781333333333333,0.8000666499137878,True
pointwise,sample size,2000.0,random,0,42,2,0.7443264925165834,0.777688888888889,0.7960667014122009,True
pointwise,sample size,2000.0,random,1,55838,0,0.7816060178446428,0.8613333333333333,0.8386443853378296,True
pointwise,sample size,2000.0,random,1,55838,1,0.746449265708431,0.8520444444444445,0.8179110884666443,True
pointwise,sample size,2000.0,random,1,55838,2,0.7725210280114224,0.8611555555555556,0.8350222110748291,True
pointwise,sample size,2000.0,random,2,63757,0,0.5340574895276614,0.7631555555555555,0.7806666493415833,True
pointwise,sample size,2000.0,random,2,63757,1,0.5432509250102779,0.7753333333333333,0.7762666344642639,True
pointwise,sample size,2000.0,random,2,63757,2,0.7006437849309436,0.836488888888889,0.8673999905586243,True
pointwise,sample size,5000.0,random,0,42,0,0.7291521016900187,0.7824444444444445,0.8036888837814331,True
pointwise,sample size,5000.0,random,0,42,1,0.755502616695741,0.8097333333333333,0.8293333053588867,True
pointwise,sample size,5000.0,random,0,42,2,0.7646258291758797,0.8136888888888889,0.8193333148956299,True
pointwise,sample size,5000.0,random,1,55838,0,0.8431969244102712,0.8451111111111111,0.9111555814743042,True
pointwise,sample size,5000.0,random,1,55838,1,0.8316839075989733,0.8347555555555555,0.9092222452163696,True
pointwise,sample size,5000.0,random,1,55838,2,0.8304283380926454,0.8396000000000001,0.9088889360427856,True
pointwise,sample size,5000.0,random,2,63757,0,0.6933405926732519,0.8158666666666666,0.8279333114624023,True
pointwise,sample size,5000.0,random,2,63757,1,0.6496445516061289,0.8021777777777777,0.8287111520767212,True
pointwise,sample size,5000.0,random,2,63757,2,0.6611309014544605,0.7982666666666667,0.8238888382911682,True
pointwise,prevalence,0.05,extrap,0,42,0,0.1486469849664996,0.46457777777777776,0.564644455909729,False
pointwise,prevalence,0.05,extrap,0,42,1,0.2629642551583906,0.5097333333333334,0.5916000008583069,True
pointwise,prevalence,0.05,extrap,0,42,2,0.052044133823709156,0.5102222222222222,0.5515111088752747,False
pointwise,prevalence,0.05,extrap,1,55838,0,0.2373364148490539,0.5960888888888889,0.6299110651016235,True
pointwise,prevalence,0.05,extrap,1,55838,1,0.509647440527117,0.668088888888889,0.6870444416999817,True
pointwise,prevalence,0.05,extrap,1,55838,2,0.4488578761986244,0.6529333333333334,0.6684889197349548,True
pointwise,prevalence,0.05,extrap,2,63757,0,0.34411671240791564,0.6312444444444444,0.6975555419921875,True
pointwise,prevalence,0.05,extrap,2,63757,1,0.45256058400648896,0.6338222222222222,0.617711067199707,True
pointwise,prevalence,0.05,extrap,2,63757,2,0.4071960799564439,0.6461777777777777,0.7045111656188965,True
pointwise,prevalence,0.1,extrap,0,42,0,0.3281581271078729,0.620311111111111,0.5253555774688721,False
pointwise,prevalence,0.1,extrap,0,42,1,0.1444580495338837,0.5742666666666666,0.5156222581863403,False
pointwise,prevalence,0.1,extrap,0,42,2,0.3355383948710541,0.6001777777777779,0.5206444263458252,False
pointwise,prevalence,0.1,extrap,1,55838,0,0.4690274336381515,0.7071555555555555,0.6576888561248779,True
pointwise,prevalence,0.1,extrap,1,55838,1,0.6226393626595851,0.7890222222222222,0.6708444356918335,True
pointwise,prevalence,0.1,extrap,1,55838,2,0.41032233691485454,0.6938222222222222,0.6469111442565918,True
pointwise,prevalence,0.1,extrap,2,63757,0,0.41034589273214145,0.6683555555555556,0.6262000203132629,True
pointwise,prevalence,0.1,extrap,2,63757,1,0.43658840653785036,0.6912,0.6531777381896973,True
pointwise,prevalence,0.1,extrap,2,63757,2,0.35899465549617215,0.6532,0.6439111232757568,True
pointwise,prevalence,0.2,extrap,0,42,0,0.208949877220858,0.5958666666666667,0.6024888753890991,True
pointwise,prevalence,0.2,extrap,0,42,1,0.178574246063682,0.5652888888888888,0.6361555457115173,True
pointwise,prevalence,0.2,extrap,0,42,2,0.2809640107112301,0.5923555555555556,0.6131556034088135,True
pointwise,prevalence,0.2,extrap,1,55838,0,0.46929810331225896,0.6876444444444444,0.6804444789886475,True
pointwise,prevalence,0.2,extrap,1,55838,1,0.5495629951443904,0.7346666666666667,0.7125111222267151,True
pointwise,prevalence,0.2,extrap,1,55838,2,0.5674205268947433,0.7554666666666666,0.7267555594444275,True
pointwise,prevalence,0.2,extrap,2,63757,0,0.3703392259913999,0.6375555555555555,0.6630667448043823,True
pointwise,prevalence,0.2,extrap,2,63757,1,0.4937339303770042,0.7143111111111111,0.679266631603241,True
pointwise,prevalence,0.2,extrap,2,63757,2,0.5148501650018333,0.7195999999999999,0.6738888621330261,True
pointwise,prevalence,0.3,extrap,0,42,0,0.29123345814953494,0.5691111111111111,0.5942889451980591,True
pointwise,prevalence,0.3,extrap,0,42,1,0.3157066189624329,0.5849777777777778,0.6255555748939514,True
pointwise,prevalence,0.3,extrap,0,42,2,0.20907521194679937,0.5663111111111111,0.5529333353042603,False
pointwise,prevalence,0.3,extrap,1,55838,0,0.4995646618295758,0.6987555555555556,0.6552000045776367,True
pointwise,prevalence,0.3,extrap,1,55838,1,0.5856713963488482,0.7308444444444445,0.6813111305236816,True
pointwise,prevalence,0.3,extrap,1,55838,2,0.467738085978733,0.6957333333333333,0.6661111116409302,True
pointwise,prevalence,0.3,extrap,2,63757,0,0.4205531172568584,0.6873333333333334,0.7172666192054749,True
pointwise,prevalence,0.3,extrap,2,63757,1,0.36915254613940146,0.6691555555555555,0.7043111324310303,True
pointwise,prevalence,0.3,extrap,2,63757,2,0.4618486872076356,0.7022222222222222,0.7294222116470337,True
pointwise,prevalence,0.5,extrap,0,42,0,0.1912679029766997,0.5717333333333333,0.533133327960968,False
pointwise,prevalence,0.5,extrap,0,42,1,0.24272669696329954,0.6369777777777778,0.5522222518920898,False
pointwise,prevalence,0.5,extrap,0,42,2,0.22976966410737895,0.6000888888888889,0.5628445148468018,False
pointwise,prevalence,0.5,extrap,1,55838,0,0.5517785753175035,0.7359555555555556,0.7283110618591309,True
pointwise,prevalence,0.5,extrap,1,55838,1,0.5272414137934865,0.7248444444444444,0.7184666395187378,True
pointwise,prevalence,0.5,extrap,1,55838,2,0.5079167546306069,0.7225777777777779,0.7256221771240234,True
pointwise,prevalence,0.5,extrap,2,63757,0,0.37867887420971347,0.6694222222222221,0.7481777667999268,True
pointwise,prevalence,0.5,extrap,2,63757,1,0.24846364959610662,0.6134666666666666,0.7205555438995361,True
pointwise,prevalence,0.5,extrap,2,63757,2,0.3408788986544295,0.6277333333333334,0.6760444641113281,True
pointwise,prevalence,0.7,extrap,0,42,0,0.5337899309992332,0.7072444444444445,0.661466658115387,True
pointwise,prevalence,0.7,extrap,0,42,1,0.39400260002888915,0.6456,0.614644467830658,True
pointwise,prevalence,0.7,extrap,0,42,2,0.5189284325381393,0.700888888888889,0.6745333075523376,True
pointwise,prevalence,0.7,extrap,1,55838,0,0.5279196435515949,0.7045333333333333,0.6549999713897705,True
pointwise,prevalence,0.7,extrap,1,55838,1,0.44944766052956137,0.6829777777777777,0.6400221586227417,True
pointwise,prevalence,0.7,extrap,1,55838,2,0.5091105456727296,0.6887555555555556,0.6460888981819153,True
pointwise,prevalence,0.7,extrap,2,63757,0,0.28101645573839706,0.6232888888888888,0.6992444396018982,True
pointwise,prevalence,0.7,extrap,2,63757,1,0.26168601873354147,0.5939555555555557,0.7175555229187012,True
pointwise,prevalence,0.7,extrap,2,63757,2,0.5615426838075979,0.7390222222222222,0.7539110779762268,True
pointwise,prevalence,0.05,random,0,42,0,0.7089478771986356,0.7686666666666665,0.7133777737617493,True
pointwise,prevalence,0.05,random,0,42,1,0.7306738963766264,0.7776444444444445,0.720622181892395,True
pointwise,prevalence,0.05,random,0,42,2,0.7663662929588106,0.8015555555555556,0.7438222169876099,True
pointwise,prevalence,0.05,random,1,55838,0,0.8347257191746575,0.9339555555555555,0.910955548286438,True
pointwise,prevalence,0.05,random,1,55838,1,0.8386266514072378,0.930088888888889,0.9108667373657227,True
pointwise,prevalence,0.05,random,1,55838,2,0.8421102456693963,0.9349333333333334,0.9149555563926697,True
pointwise,prevalence,0.05,random,2,63757,0,0.6793182146468293,0.8288888888888889,0.8428221940994263,True
pointwise,prevalence,0.05,random,2,63757,1,0.7019175768619651,0.8368,0.8502222299575806,True
pointwise,prevalence,0.05,random,2,63757,2,0.6282500916676852,0.7984888888888889,0.8431999683380127,True
pointwise,prevalence,0.1,random,0,42,0,0.7304130045889398,0.7971111111111112,0.7687555551528931,True
pointwise,prevalence,0.1,random,0,42,1,0.6004102267802975,0.7670666666666667,0.7635332942008972,True
pointwise,prevalence,0.1,random,0,42,2,0.7040678229758108,0.7856,0.7683556079864502,True
pointwise,prevalence,0.1,random,1,55838,0,0.7919087989866553,0.8989777777777778,0.8900221586227417,True
pointwise,prevalence,0.1,random,1,55838,1,0.8357075078611985,0.922,0.9140888452529907,True
pointwise,prevalence,0.1,random,1,55838,2,0.8357212857920643,0.9212888888888888,0.9186222553253174,True
pointwise,prevalence,0.1,random,2,63757,0,0.7008291203235592,0.8579555555555557,0.8688666820526123,True
pointwise,prevalence,0.1,random,2,63757,1,0.7100203335592618,0.8598222222222222,0.8703111410140991,True
pointwise,prevalence,0.1,random,2,63757,2,0.7036140401560017,0.8598666666666667,0.8906667232513428,True
pointwise,prevalence,0.2,random,0,42,0,0.5266196291069901,0.7575555555555555,0.7157555222511292,True
pointwise,prevalence,0.2,random,0,42,1,0.6301763352926143,0.7960444444444443,0.7505778074264526,True
pointwise,prevalence,0.2,random,0,42,2,0.6133668151868353,0.7938222222222223,0.7613999843597412,True
pointwise,prevalence,0.2,random,1,55838,0,0.7134185935399282,0.8268444444444444,0.8164222240447998,True
pointwise,prevalence,0.2,random,1,55838,1,0.7856389515439061,0.8653333333333333,0.861133337020874,True
pointwise,prevalence,0.2,random,1,55838,2,0.7598937765975177,0.8506666666666667,0.8288888931274414,True
pointwise,prevalence,0.2,random,2,63757,0,0.695740174890832,0.8064888888888889,0.8246666193008423,True
pointwise,prevalence,0.2,random,2,63757,1,0.6736145957177301,0.7921333333333332,0.8315333127975464,True
pointwise,prevalence,0.2,random,2,63757,2,0.5469229658107312,0.7394222222222222,0.7656888961791992,True
pointwise,prevalence,0.3,random,0,42,0,0.628642540472672,0.7100444444444444,0.7796666622161865,True
pointwise,prevalence,0.3,random,0,42,1,0.5881598684429827,0.6997333333333335,0.7304222583770752,True
pointwise,prevalence,0.3,random,0,42,2,0.6365319614662385,0.7034222222222223,0.7527111172676086,True
pointwise,prevalence,0.3,random,1,55838,0,0.6767204080045334,0.7701777777777778,0.7906444072723389,True
pointwise,prevalence,0.3,random,1,55838,1,0.7783170924121379,0.8139555555555554,0.8393778204917908,True
pointwise,prevalence,0.3,random,1,55838,2,0.7621969132990366,0.8118666666666665,0.8115555644035339,True
pointwise,prevalence,0.3,random,2,63757,0,0.6231549239435994,0.7844444444444444,0.8204444646835327,True
pointwise,prevalence,0.3,random,2,63757,1,0.5188995433282592,0.7285777777777778,0.7799999713897705,True
pointwise,prevalence,0.3,random,2,63757,2,0.6235349281658685,0.7826222222222223,0.8050000071525574,True
pointwise,prevalence,0.5,random,0,42,0,0.7463589595439949,0.7708444444444444,0.7782444953918457,True
pointwise,prevalence,0.5,random,0,42,1,0.7405037833753708,0.7748888888888888,0.7802666425704956,True
pointwise,prevalence,0.5,random,0,42,2,0.6909915322383104,0.7692444444444445,0.7604222297668457,True
pointwise,prevalence,0.5,random,1,55838,0,0.6847827198079979,0.735111111111111,0.7203778028488159,True
pointwise,prevalence,0.5,random,1,55838,1,0.7354446160512894,0.7656444444444446,0.7421555519104004,True
pointwise,prevalence,0.5,random,1,55838,2,0.7531639240436004,0.7683111111111112,0.7451111078262329,True
pointwise,prevalence,0.5,random,2,63757,0,0.6242647140523784,0.7937777777777778,0.7549999952316284,True
pointwise,prevalence,0.5,random,2,63757,1,0.5489043211591239,0.7449333333333333,0.751800000667572,True
pointwise,prevalence,0.5,random,2,63757,2,0.48813920154668383,0.7166666666666667,0.7208222150802612,True
pointwise,prevalence,0.7,random,0,42,0,0.6551668351870577,0.7221333333333333,0.7940000295639038,True
pointwise,prevalence,0.7,random,0,42,1,0.5057838420426893,0.69,0.7238221764564514,True
pointwise,prevalence,0.7,random,0,42,2,0.633028811431238,0.7091999999999999,0.7728222608566284,True
pointwise,prevalence,0.7,random,1,55838,0,0.6371155235058167,0.7366222222222222,0.7482666969299316,True
pointwise,prevalence,0.7,random,1,55838,1,0.6268674096378848,0.7104444444444444,0.7245110869407654,True
pointwise,prevalence,0.7,random,1,55838,2,0.5764161824020267,0.6898666666666667,0.7333333492279053,True
pointwise,prevalence,0.7,random,2,63757,0,0.546575850842787,0.7542222222222222,0.7109999656677246,True
pointwise,prevalence,0.7,random,2,63757,1,0.6416724630273669,0.7853777777777777,0.7582444548606873,True
pointwise,prevalence,0.7,random,2,63757,2,0.6508712319025767,0.7932444444444445,0.7556000351905823,True
pointwise,resolution,100.0,extrap,0,42,0,0.27706352292803255,0.5825777777777779,0.5520888566970825,False
pointwise,resolution,100.0,extrap,0,42,1,0.20575828620318,0.5994222222222222,0.6105555295944214,True
pointwise,resolution,100.0,extrap,0,42,2,0.19359681774241935,0.5496888888888889,0.5726666450500488,True
pointwise,resolution,100.0,extrap,1,55838,0,0.636403071145235,0.7761333333333332,0.7300221920013428,True
pointwise,resolution,100.0,extrap,1,55838,1,0.6236633740374892,0.766,0.7301999926567078,True
pointwise,resolution,100.0,extrap,1,55838,2,0.5569670774119712,0.7559999999999999,0.6510666608810425,True
pointwise,resolution,100.0,extrap,2,63757,0,0.3296116623518039,0.6233333333333333,0.671999990940094,True
pointwise,resolution,100.0,extrap,2,63757,1,0.34663940710452334,0.6492,0.6756000518798828,True
pointwise,resolution,100.0,extrap,2,63757,2,0.48470271891909905,0.7059111111111112,0.7066222429275513,True
pointwise,resolution,200.0,extrap,0,42,0,0.2093076589739886,0.5292444444444444,0.5474444627761841,False
pointwise,resolution,200.0,extrap,0,42,1,0.16418182424249156,0.5363111111111112,0.5604000091552734,False
pointwise,resolution,200.0,extrap,0,42,2,0.20365026278069756,0.5542222222222222,0.5699777603149414,True
pointwise,resolution,200.0,extrap,1,55838,0,0.6348057200635563,0.7805777777777777,0.7273111343383789,True
pointwise,resolution,200.0,extrap,1,55838,1,0.6442471583017588,0.7563111111111112,0.7324888706207275,True
pointwise,resolution,200.0,extrap,1,55838,2,0.4603726708074534,0.6790222222222222,0.6654444932937622,True
pointwise,resolution,200.0,extrap,2,63757,0,0.3528390315447949,0.6416444444444445,0.6661333441734314,True
pointwise,resolution,200.0,extrap,2,63757,1,0.37417171301903346,0.6721333333333332,0.6594666838645935,True
pointwise,resolution,200.0,extrap,2,63757,2,0.5567795197724419,0.7449777777777777,0.7349555492401123,True
pointwise,resolution,400.0,extrap,0,42,0,0.2747532750363893,0.5763111111111112,0.5453110933303833,False
pointwise,resolution,400.0,extrap,0,42,1,0.22307714530161446,0.5458222222222222,0.569599986076355,True
pointwise,resolution,400.0,extrap,0,42,2,0.3166888872864037,0.5933777777777778,0.5769333243370056,True
pointwise,resolution,400.0,extrap,1,55838,0,0.641152457249525,0.7644,0.743066668510437,True
pointwise,resolution,400.0,extrap,1,55838,1,0.6426515850176112,0.7598666666666667,0.7400221824645996,True
pointwise,resolution,400.0,extrap,1,55838,2,0.5085869842998255,0.7056444444444444,0.6923778057098389,True
pointwise,resolution,400.0,extrap,2,63757,0,0.48342403804486717,0.732488888888889,0.7411999702453613,True
pointwise,resolution,400.0,extrap,2,63757,1,0.4808524539161546,0.7070222222222222,0.7143555879592896,True
pointwise,resolution,400.0,extrap,2,63757,2,0.5102110023444705,0.7175555555555555,0.7571555972099304,True
pointwise,resolution,100.0,random,0,42,0,0.6870463005144501,0.7818666666666667,0.7645111083984375,True
pointwise,resolution,100.0,random,0,42,1,0.6711265680729787,0.7605777777777778,0.7628889083862305,True
pointwise,resolution,100.0,random,0,42,2,0.6790906565628506,0.7724444444444445,0.7729777097702026,True
pointwise,resolution,100.0,random,1,55838,0,0.7784055378393093,0.8618666666666667,0.8767111301422119,True
pointwise,resolution,100.0,random,1,55838,1,0.7873020811342347,0.8633333333333334,0.872355580329895,True
pointwise,resolution,100.0,random,1,55838,2,0.652657473971933,0.8022666666666667,0.8292444348335266,True
pointwise,resolution,100.0,random,2,63757,0,0.6955517283525372,0.8334666666666667,0.8162888288497925,True
pointwise,resolution,100.0,random,2,63757,1,0.6651989466549628,0.8232,0.7994222044944763,True
pointwise,resolution,100.0,random,2,63757,2,0.6839355992844365,0.8265777777777777,0.8154222369194031,True
pointwise,resolution,200.0,random,0,42,0,0.6861511794575494,0.7806666666666666,0.7694000005722046,True
pointwise,resolution,200.0,random,0,42,1,0.6513107923421371,0.7541333333333333,0.7617777585983276,True
pointwise,resolution,200.0,random,0,42,2,0.695542394915499,0.7792444444444443,0.7753111124038696,True
pointwise,resolution,200.0,random,1,55838,0,0.7213933488149867,0.8368444444444445,0.8571332693099976,True
pointwise,resolution,200.0,random,1,55838,1,0.8047218302425583,0.8768,0.8864444494247437,True
pointwise,resolution,200.0,random,1,55838,2,0.6978099756663962,0.8286666666666667,0.8446667194366455,True
pointwise,resolution,200.0,random,2,63757,0,0.6865054056156179,0.8392888888888889,0.812333345413208,True
pointwise,resolution,200.0,random,2,63757,1,0.4895205502283358,0.7408,0.7265555262565613,True
pointwise,resolution,200.0,random,2,63757,2,0.6945770508561205,0.8309777777777777,0.8156222701072693,True
pointwise,resolution,400.0,random,0,42,0,0.5694667718530206,0.7249333333333332,0.7277777791023254,True
pointwise,resolution,400.0,random,0,42,1,0.6622900254447271,0.7562666666666666,0.7496888637542725,True
pointwise,resolution,400.0,random,0,42,2,0.6833462594028822,0.7647111111111111,0.7664666175842285,True
pointwise,resolution,400.0,random,1,55838,0,0.8237718196868854,0.8786666666666666,0.8839333057403564,True
pointwise,resolution,400.0,random,1,55838,1,0.8001746686074289,0.8680444444444445,0.8847110867500305,True
pointwise,resolution,400.0,random,1,55838,2,0.7055260614006822,0.8287111111111112,0.850933313369751,True
pointwise,resolution,400.0,random,2,63757,0,0.7194608828986988,0.8442666666666667,0.8290666937828064,True
pointwise,resolution,400.0,random,2,63757,1,0.699808664540717,0.8221333333333333,0.8118889331817627,True
pointwise,resolution,400.0,random,2,63757,2,0.710972344137157,0.8336888888888889,0.8249555826187134,True
pointwise,patch size,8.0,extrap,0,42,0,0.33512016800186667,0.6151111111111112,0.6849333047866821,True
pointwise,patch size,8.0,extrap,0,42,1,0.1715863509594551,0.5440888888888888,0.6066888570785522,True
pointwise,patch size,8.0,extrap,0,42,2,0.3590115445727175,0.6400444444444444,0.6098666191101074,True
pointwise,patch size,8.0,extrap,1,55838,0,0.6012151246124956,0.7386222222222223,0.6589555740356445,True
pointwise,patch size,8.0,extrap,1,55838,1,0.6192202135579284,0.7571555555555556,0.721488893032074,True
pointwise,patch size,8.0,extrap,1,55838,2,0.6107836753741708,0.7583555555555557,0.7072222232818604,True
pointwise,patch size,8.0,extrap,2,63757,0,0.6775626395848842,0.8234222222222223,0.7630221843719482,True
pointwise,patch size,8.0,extrap,2,63757,1,0.6301821131345904,0.8095555555555556,0.7542222738265991,True
pointwise,patch size,8.0,extrap,2,63757,2,0.5176541961577351,0.7825333333333334,0.7298222780227661,True
pointwise,patch size,16.0,extrap,0,42,0,0.3541506016733519,0.6526222222222221,0.5631111264228821,False
pointwise,patch size,16.0,extrap,0,42,1,0.38621362459582886,0.6508,0.6069111824035645,True
pointwise,patch size,16.0,extrap,0,42,2,0.3964177379748664,0.6533777777777778,0.6007333397865295,True
pointwise,patch size,16.0,extrap,1,55838,0,0.6080699350070522,0.7285555555555555,0.6891555190086365,True
pointwise,patch size,16.0,extrap,1,55838,1,0.4707678974210824,0.6942222222222223,0.6435333490371704,True
pointwise,patch size,16.0,extrap,1,55838,2,0.652560584006489,0.7479111111111111,0.6991778016090393,True
pointwise,patch size,16.0,extrap,2,63757,0,0.5101550017222414,0.7127111111111111,0.5713777542114258,True
pointwise,patch size,16.0,extrap,2,63757,1,0.6164490716563517,0.796,0.6673111319541931,True
pointwise,patch size,16.0,extrap,2,63757,2,0.5015620173557485,0.7357777777777778,0.6829555630683899,True
pointwise,patch size,32.0,extrap,0,42,0,-0.017715752397248857,0.44466666666666665,0.5365110635757446,False
pointwise,patch size,32.0,extrap,0,42,1,0.21201524461382903,0.5605333333333333,0.5225555896759033,False
pointwise,patch size,32.0,extrap,0,42,2,-0.17159923999155546,0.4595555555555555,0.4582222104072571,False
pointwise,patch size,32.0,extrap,1,55838,0,0.5331001455571729,0.7384444444444445,0.6722888946533203,True
pointwise,patch size,32.0,extrap,1,55838,1,0.5181053122812476,0.7469333333333333,0.6566888093948364,True
pointwise,patch size,32.0,extrap,1,55838,2,0.6162770697452193,0.7776444444444445,0.6408666372299194,True
pointwise,patch size,32.0,extrap,2,63757,0,0.4468280758675096,0.7286666666666667,0.657977819442749,True
pointwise,patch size,32.0,extrap,2,63757,1,0.47408704541161567,0.7472888888888889,0.6147555112838745,True
pointwise,patch size,32.0,extrap,2,63757,2,0.4680669785219836,0.7502666666666667,0.6213333606719971,True
pointwise,patch size,64.0,extrap,0,42,0,0.20433071478571982,0.5917333333333333,0.5756966471672058,True
pointwise,patch size,64.0,extrap,0,42,1,0.2151899465549617,0.5916888888888889,0.606578528881073,True
pointwise,patch size,64.0,extrap,0,42,2,0.15212835698174423,0.5787555555555556,0.5258546471595764,False
pointwise,patch size,64.0,extrap,1,55838,0,0.3076340848231647,0.6304888888888889,0.6804535388946533,True
pointwise,patch size,64.0,extrap,1,55838,1,0.3790762119579106,0.6204444444444444,0.7266212701797485,True
pointwise,patch size,64.0,extrap,1,55838,2,0.5137750419449105,0.6931999999999999,0.723809540271759,True
pointwise,patch size,64.0,extrap,2,63757,0,0.261904243380482,0.6004888888888888,0.6295196413993835,True
pointwise,patch size,64.0,extrap,2,63757,1,0.39471554069662573,0.6882888888888888,0.6460485458374023,True
pointwise,patch size,64.0,extrap,2,63757,2,0.3286085400948899,0.6428444444444444,0.6787190437316895,True
pointwise,patch size,8.0,random,0,42,0,0.7837980422004688,0.7799999999999999,0.8355555534362793,True
pointwise,patch size,8.0,random,0,42,1,0.46015133501483346,0.656,0.70051109790802,True
pointwise,patch size,8.0,random,0,42,2,0.6574170824120267,0.7490666666666667,0.7634666562080383,True
pointwise,patch size,8.0,random,1,55838,0,0.9352797253302815,0.9338666666666667,0.9104222059249878,True
pointwise,patch size,8.0,random,1,55838,1,0.8347399415549062,0.8789777777777777,0.8881999850273132,True
pointwise,patch size,8.0,random,1,55838,2,0.8695047722752475,0.9007555555555558,0.896133303642273,True
pointwise,patch size,8.0,random,2,63757,0,0.83113323481372,0.8942222222222223,0.9032222032546997,True
pointwise,patch size,8.0,random,2,63757,1,0.8401982244247158,0.8942666666666668,0.8982445001602173,True
pointwise,patch size,8.0,random,2,63757,2,0.856799742219358,0.9016000000000001,0.8977333903312683,True
pointwise,patch size,16.0,random,0,42,0,0.7417646862742918,0.7591111111111111,0.7724000215530396,True
pointwise,patch size,16.0,random,0,42,1,0.7612057911754575,0.761511111111111,0.7743778228759766,True
pointwise,patch size,16.0,random,0,42,2,0.5343454927276969,0.6840888888888887,0.7472000122070312,True
pointwise,patch size,16.0,random,1,55838,0,0.8191597684418714,0.8885777777777778,0.9227333068847656,True
pointwise,patch size,16.0,random,1,55838,1,0.8418440204891166,0.9031111111111113,0.9259111285209656,True
pointwise,patch size,16.0,random,1,55838,2,0.8477778641984911,0.9046666666666667,0.9244000315666199,True
pointwise,patch size,16.0,random,2,63757,0,0.759444882720919,0.8348000000000001,0.8509111404418945,True
pointwise,patch size,16.0,random,2,63757,1,0.7121110234558161,0.8040444444444445,0.8313333988189697,True
pointwise,patch size,16.0,random,2,63757,2,0.7480278669762997,0.8199555555555557,0.849911093711853,True
pointwise,patch size,32.0,random,0,42,0,0.6403475594173268,0.7589777777777779,0.7686889171600342,True
pointwise,patch size,32.0,random,0,42,1,0.6424293603262259,0.7555999999999999,0.7541333436965942,True
pointwise,patch size,32.0,random,0,42,2,0.5914363492927698,0.7345777777777778,0.7326222062110901,True
pointwise,patch size,32.0,random,1,55838,0,0.8106485627618084,0.8646222222222222,0.896733283996582,True
pointwise,patch size,32.0,random,1,55838,1,0.817309970110779,0.8676,0.8967111110687256,True
pointwise,patch size,32.0,random,1,55838,2,0.804755163946266,0.8728444444444444,0.8974222540855408,True
pointwise,patch size,32.0,random,2,63757,0,0.5346859409548995,0.7769333333333333,0.7694000005722046,True
pointwise,patch size,32.0,random,2,63757,1,0.5971959688440982,0.8064,0.8112888932228088,True
pointwise,patch size,32.0,random,2,63757,2,0.5586582073134145,0.7876,0.7753111124038696,True
pointwise,patch size,64.0,random,0,42,0,0.7354569003345302,0.7871404036066982,0.7929905652999878,True
pointwise,patch size,64.0,random,0,42,1,0.7276639740680102,0.7801631601545728,0.7898508310317993,True
pointwise,patch size,64.0,random,0,42,2,0.6077839614228622,0.7363675397166166,0.7330936193466187,True
pointwise,patch size,64.0,random,1,55838,0,0.6260550183108261,0.766845703125,0.812957763671875,True
pointwise,patch size,64.0,random,1,55838,1,0.6913416971847104,0.7755126953125,0.836090087890625,True
pointwise,patch size,64.0,random,1,55838,2,0.6791478313115128,0.76995849609375,0.830810546875,True
pointwise,patch size,64.0,random,2,63757,0,0.6026336717897501,0.7326147042564953,0.7943062782287598,True
pointwise,patch size,64.0,random,2,63757,1,0.5424241863791327,0.7168048645660586,0.7352681159973145,True
pointwise,patch size,64.0,random,2,63757,2,0.5299826764566264,0.7212271973466003,0.7666943073272705,True
configurational,sample size,100.0,extrap,0,42,0,0.056380626451405014,0.5421333333333334,0.5429333448410034,False
configurational,sample size,100.0,extrap,0,42,1,0.023673596373293034,0.5318666666666666,0.5257778167724609,False
configurational,sample size,100.0,extrap,0,42,2,-0.07506127845864954,0.4816888888888889,0.47573333978652954,False
configurational,sample size,100.0,extrap,1,55838,0,0.06602252603307444,0.5615555555555556,0.5570444464683533,False
configurational,sample size,100.0,extrap,1,55838,1,0.06595941420669597,0.5620444444444445,0.5686666965484619,True
configurational,sample size,100.0,extrap,1,55838,2,0.07775243674984063,0.5548,0.5447778105735779,False
configurational,sample size,100.0,extrap,2,63757,0,0.08608940099334436,0.5233777777777778,0.6294222474098206,True
configurational,sample size,100.0,extrap,2,63757,1,-0.016129512550139447,0.5078666666666667,0.5017111301422119,False
configurational,sample size,100.0,extrap,2,63757,2,-0.04600006666740741,0.4711555555555555,0.5793555378913879,True
configurational,sample size,250.0,extrap,0,42,0,0.09510816786853186,0.5362222222222223,0.5569777488708496,False
configurational,sample size,250.0,extrap,0,42,1,-0.021987799864442936,0.47155555555555556,0.5580222606658936,False
configurational,sample size,250.0,extrap,0,42,2,0.054637051522794695,0.5504888888888889,0.5147554874420166,False
configurational,sample size,250.0,extrap,1,55838,0,0.010294562259990371,0.5004444444444445,0.46211108565330505,False
configurational,sample size,250.0,extrap,1,55838,1,-0.026047850764531533,0.5133333333333334,0.4786221981048584,False
configurational,sample size,250.0,extrap,1,55838,2,-0.07970934781705499,0.4588888888888889,0.557711124420166,False
configurational,sample size,250.0,extrap,2,63757,0,0.03994489271490738,0.5455555555555556,0.5346221923828125,False
configurational,sample size,250.0,extrap,2,63757,1,0.08990612005757008,0.49044444444444446,0.5417110919952393,False
configurational,sample size,250.0,extrap,2,63757,2,-0.07544573555769951,0.46591111111111116,0.49488887190818787,False
configurational,sample size,500.0,extrap,0,42,0,0.04050978794317605,0.5049777777777777,0.6294888854026794,True
configurational,sample size,500.0,extrap,0,42,1,0.0244076099529128,0.5190222222222223,0.529866635799408,False
configurational,sample size,500.0,extrap,0,42,2,0.10953434032981993,0.5588444444444445,0.5646222233772278,False
configurational,sample size,500.0,extrap,1,55838,0,0.01841731779434425,0.48271111111111115,0.5395333766937256,False
configurational,sample size,500.0,extrap,1,55838,1,0.05097523872212375,0.5062666666666666,0.5573999881744385,False
configurational,sample size,500.0,extrap,1,55838,2,-0.0003191146922871043,0.47964444444444443,0.5650444030761719,False
configurational,sample size,500.0,extrap,2,63757,0,0.05800176201977413,0.5276222222222222,0.52602219581604,False
configurational,sample size,500.0,extrap,2,63757,1,0.032803031144790495,0.5015111111111111,0.4960666596889496,False
configurational,sample size,500.0,extrap,2,63757,2,0.03220435782619807,0.5371111111111111,0.5187111496925354,False
configurational,sample size,1000.0,extrap,0,42,0,0.11404907033391103,0.5278666666666667,0.5832889080047607,True
configurational,sample size,1000.0,extrap,0,42,1,0.16318429386644562,0.5517333333333333,0.6279999613761902,True
configurational,sample size,1000.0,extrap,0,42,2,0.22720835280578183,0.5855555555555556,0.6465556025505066,True
configurational,sample size,1000.0,extrap,1,55838,0,-0.044418942923693076,0.46399999999999997,0.5239999890327454,False
configurational,sample size,1000.0,extrap,1,55838,1,0.14489608660009257,0.5446,0.538777768611908,False
configurational,sample size,1000.0,extrap,1,55838,2,-0.04254869971318593,0.5108888888888888,0.49631112813949585,False
configurational,sample size,1000.0,extrap,2,63757,0,0.0396284403160035,0.531511111111111,0.5576000213623047,False
configurational,sample size,1000.0,extrap,2,63757,1,-0.022358915099056655,0.4948444444444444,0.5231777429580688,False
configurational,sample size,1000.0,extrap,2,63757,2,0.03634795942177135,0.5269333333333334,0.5998889207839966,True
configurational,sample size,2000.0,extrap,0,42,0,0.06393940552202095,0.5166888888888889,0.5483777523040771,False
configurational,sample size,2000.0,extrap,0,42,1,0.5320238664953906,0.7212,0.7933999300003052,True
configurational,sample size,2000.0,extrap,0,42,2,0.4658442719782655,0.6548222222222222,0.7093777656555176,True
configurational,sample size,2000.0,extrap,1,55838,0,0.31391114809426784,0.610488888888889,0.6555111408233643,True
configurational,sample size,2000.0,extrap,1,55838,1,0.08147626578393516,0.49862222222222224,0.5554221868515015,False
configurational,sample size,2000.0,extrap,1,55838,2,0.05138503251759722,0.5288444444444445,0.5245333313941956,False
configurational,sample size,2000.0,extrap,2,63757,0,0.8363724041378238,0.8920888888888889,0.8947111368179321,True
configurational,sample size,2000.0,extrap,2,63757,1,0.8093218813542371,0.8804000000000001,0.9025777578353882,True
configurational,sample size,2000.0,extrap,2,63757,2,0.8154992833253702,0.8906666666666667,0.8991555571556091,True
configurational,sample size,5000.0,extrap,0,42,0,0.6410994167823478,0.8062666666666667,0.8244222402572632,True
configurational,sample size,5000.0,extrap,0,42,1,0.6841647889604137,0.8217777777777778,0.8418889045715332,True
configurational,sample size,5000.0,extrap,0,42,2,0.7019469885162087,0.8134222222222223,0.8311333656311035,True
configurational,sample size,5000.0,extrap,1,55838,0,0.42535988459426305,0.6451555555555555,0.7563999891281128,True
configurational,sample size,5000.0,extrap,1,55838,1,0.5168575780683793,0.699911111111111,0.7601555585861206,True
configurational,sample size,5000.0,extrap,1,55838,2,0.5653714558352302,0.6906222222222222,0.7884888648986816,True
configurational,sample size,5000.0,extrap,2,63757,0,0.8428719969937645,0.8755111111111111,0.9160221815109253,True
configurational,sample size,5000.0,extrap,2,63757,1,0.8588697338570049,0.8945333333333333,0.9045999646186829,True
configurational,sample size,5000.0,extrap,2,63757,2,0.8417659844589557,0.8838666666666667,0.9037778377532959,True
configurational,sample size,100.0,random,0,42,0,-0.016027513197648204,0.4927555555555556,0.5295110940933228,False
configurational,sample size,100.0,random,0,42,1,0.03070834120379115,0.5012,0.5108222365379333,False
configurational,sample size,100.0,random,0,42,2,0.033713707930088106,0.5106666666666666,0.46862220764160156,False
configurational,sample size,100.0,random,1,55838,0,-0.028936765964066267,0.4829777777777778,0.5127111077308655,False
configurational,sample size,100.0,random,1,55838,1,-0.0037053745041611573,0.5325777777777778,0.4619778096675873,False
configurational,sample size,100.0,random,1,55838,2,0.07828620318003533,0.5240888888888889,0.6035999655723572,True
configurational,sample size,100.0,random,2,63757,0,0.08731411037260134,0.5029777777777777,0.576533317565918,True
configurational,sample size,100.0,random,2,63757,1,-0.047028538215495526,0.4433777777777778,0.5399777889251709,False
configurational,sample size,100.0,random,2,63757,2,0.13370241903880312,0.5262666666666667,0.5620444416999817,False
configurational,sample size,250.0,random,0,42,0,0.13349437215969065,0.5604444444444444,0.5456888675689697,False
configurational,sample size,250.0,random,0,42,1,-0.0036435960399559993,0.49164444444444444,0.505911111831665,False
configurational,sample size,250.0,random,0,42,2,0.13393215480172002,0.5256,0.559844434261322,False
configurational,sample size,250.0,random,1,55838,0,0.05517261302903365,0.5178222222222222,0.5447555780410767,False
configurational,sample size,250.0,random,1,55838,1,0.1120692452138357,0.5344444444444444,0.4691111147403717,False
configurational,sample size,250.0,random,1,55838,2,-0.005808064534050378,0.4322222222222223,0.4750444293022156,False
configurational,sample size,250.0,random,2,63757,0,0.07127813323238448,0.5593777777777778,0.5494667291641235,False
configurational,sample size,250.0,random,2,63757,1,0.13639354579351898,0.5346000000000001,0.5479778051376343,False
configurational,sample size,250.0,random,2,63757,2,0.02142512932645146,0.5174666666666666,0.5329777598381042,False
configurational,sample size,500.0,random,0,42,0,-0.0683996564850343,0.4459111111111111,0.5449555516242981,False
configurational,sample size,500.0,random,0,42,1,0.1100030122560271,0.5503111111111111,0.5457333326339722,False
configurational,sample size,500.0,random,0,42,2,0.1891941231784946,0.5685333333333333,0.5508666038513184,False
configurational,sample size,500.0,random,1,55838,0,-0.07247458305092279,0.4824,0.5331555604934692,False
configurational,sample size,500.0,random,1,55838,1,-0.04696941077123079,0.48568888888888884,0.5298444628715515,False
configurational,sample size,500.0,random,1,55838,2,-0.01833487038744875,0.4913777777777778,0.5818888545036316,True
configurational,sample size,500.0,random,2,63757,0,0.04691030421563649,0.5293777777777777,0.5571111440658569,False
configurational,sample size,500.0,random,2,63757,1,0.20006002289581376,0.6002666666666667,0.5736888647079468,True
configurational,sample size,500.0,random,2,63757,2,-0.01216124758733411,0.47600000000000003,0.5512222051620483,False
configurational,sample size,1000.0,random,0,42,0,0.14008157202653135,0.5803555555555555,0.5753555297851562,True
configurational,sample size,1000.0,random,0,42,1,0.07491084066610126,0.5894666666666666,0.5762889385223389,True
configurational,sample size,1000.0,random,0,42,2,-0.046910748665068634,0.4846222222222222,0.4837777614593506,False
configurational,sample size,1000.0,random,1,55838,0,0.060897565528505865,0.5220888888888889,0.5096444487571716,False
configurational,sample size,1000.0,random,1,55838,1,0.028159868442982697,0.5076,0.5373111367225647,False
configurational,sample size,1000.0,random,1,55838,2,0.09628106978966432,0.5866222222222223,0.5360444784164429,False
configurational,sample size,1000.0,random,2,63757,0,0.18306478208194435,0.6057777777777777,0.6194888949394226,True
configurational,sample size,1000.0,random,2,63757,1,0.7949994972164006,0.8773555555555554,0.8673778176307678,True
configurational,sample size,1000.0,random,2,63757,2,-0.050347692906678565,0.48266666666666663,0.5505777597427368,False
configurational,sample size,2000.0,random,0,42,0,-0.03352127252123183,0.4952888888888889,0.5301555395126343,False
configurational,sample size,2000.0,random,0,42,1,-0.006844522776205485,0.5056,0.5331778526306152,False
configurational,sample size,2000.0,random,0,42,2,0.12113160850619296,0.5542222222222222,0.519088864326477,False
configurational,sample size,2000.0,random,1,55838,0,0.511458240971188,0.7197777777777777,0.7469555735588074,True
configurational,sample size,2000.0,random,1,55838,1,-0.01516594965854095,0.5360888888888888,0.5174000263214111,False
configurational,sample size,2000.0,random,1,55838,2,0.08116691989176077,0.5645777777777778,0.5666666626930237,False
configurational,sample size,2000.0,random,2,63757,0,0.8314611086191128,0.8935555555555555,0.8623777627944946,True
configurational,sample size,2000.0,random,2,63757,1,0.8517742254663133,0.9024,0.8855999708175659,True
configurational,sample size,2000.0,random,2,63757,2,0.8184627405263154,0.8836444444444445,0.8552443981170654,True
configurational,sample size,5000.0,random,0,42,0,0.5959092878809765,0.7554222222222221,0.7814444303512573,True
configurational,sample size,5000.0,random,0,42,1,0.5946679407548972,0.7655555555555555,0.7951110601425171,True
configurational,sample size,5000.0,random,0,42,2,0.7068780764230713,0.8092,0.8046666383743286,True
configurational,sample size,5000.0,random,1,55838,0,0.5269142990477672,0.6768000000000001,0.7317777872085571,True
configurational,sample size,5000.0,random,1,55838,1,-0.011909465660729562,0.5035555555555555,0.5664000511169434,False
configurational,sample size,5000.0,random,1,55838,2,0.5926821409126769,0.7242222222222222,0.7055110931396484,True
configurational,sample size,5000.0,random,2,63757,0,0.8574655273947489,0.9092,0.8663333058357239,True
configurational,sample size,5000.0,random,2,63757,1,0.8626513627929198,0.9052444444444445,0.8646444082260132,True
configurational,sample size,5000.0,random,2,63757,2,0.8628153646151623,0.910088888888889,0.8684666752815247,True
configurational,prevalence,0.05,extrap,0,42,0,-0.025400726674740828,0.5386666666666667,0.545555591583252,False
configurational,prevalence,0.05,extrap,0,42,1,0.5646991633240368,0.7497333333333333,0.7481555342674255,True
configurational,prevalence,0.05,extrap,0,42,2,0.49607040078223086,0.7196444444444445,0.7314000129699707,True
configurational,prevalence,0.05,extrap,1,55838,0,0.17024368829028075,0.5379333333333333,0.5550666451454163,False
configurational,prevalence,0.05,extrap,1,55838,1,-0.06914743497149968,0.42333333333333334,0.5440666675567627,False
configurational,prevalence,0.05,extrap,1,55838,2,0.17084525059670216,0.5612666666666667,0.5796889066696167,True
configurational,prevalence,0.05,extrap,2,63757,0,0.7386338446687059,0.7983555555555556,0.8125999569892883,True
configurational,prevalence,0.05,extrap,2,63757,1,0.7548126928980027,0.8087111111111112,0.8319555521011353,True
configurational,prevalence,0.05,extrap,2,63757,2,0.004686719262071748,0.4885333333333333,0.5387778282165527,False
configurational,prevalence,0.1,extrap,0,42,0,0.046744307546597794,0.5081333333333333,0.5031332969665527,False
configurational,prevalence,0.1,extrap,0,42,1,0.5227750358948642,0.7155111111111112,0.7506222128868103,True
configurational,prevalence,0.1,extrap,0,42,2,0.5449168423908938,0.7543111111111112,0.775422215461731,True
configurational,prevalence,0.1,extrap,1,55838,0,-0.011188568761875132,0.46902222222222223,0.4884888827800751,False
configurational,prevalence,0.1,extrap,1,55838,1,0.012897922521130593,0.5427333333333333,0.5336222052574158,False
configurational,prevalence,0.1,extrap,1,55838,2,0.26489094323270257,0.5707111111111112,0.5922888517379761,True
configurational,prevalence,0.1,extrap,2,63757,0,0.6923265130338314,0.8208,0.8038888573646545,True
configurational,prevalence,0.1,extrap,2,63757,1,0.7357136714216275,0.8323111111111111,0.8287333250045776,True
configurational,prevalence,0.1,extrap,2,63757,2,0.06156736443013172,0.5267555555555555,0.5338000059127808,False
configurational,prevalence,0.2,extrap,0,42,0,0.08077980439333868,0.5323777777777778,0.5583555698394775,False
configurational,prevalence,0.2,extrap,0,42,1,0.6223743177562364,0.8067111111111112,0.7997555136680603,True
configurational,prevalence,0.2,extrap,0,42,2,0.5467423578864641,0.7384,0.7579777240753174,True
configurational,prevalence,0.2,extrap,1,55838,0,0.01793131034789275,0.4805777777777778,0.581755518913269,True
configurational,prevalence,0.2,extrap,1,55838,1,0.13473438593762152,0.5376888888888889,0.6094666719436646,True
configurational,prevalence,0.2,extrap,1,55838,2,-0.016454849498327758,0.48160000000000003,0.5546444058418274,False
configurational,prevalence,0.2,extrap,2,63757,0,0.7226955238826218,0.8384444444444444,0.8568666577339172,True
configurational,prevalence,0.2,extrap,2,63757,1,0.7942781129297438,0.8646222222222223,0.8806222081184387,True
configurational,prevalence,0.2,extrap,2,63757,2,0.7978883760682819,0.8599555555555555,0.8736000061035156,True
configurational,prevalence,0.3,extrap,0,42,0,0.5936510821903418,0.7382666666666667,0.8238444328308105,True
configurational,prevalence,0.3,extrap,0,42,1,0.6247447748285709,0.7359555555555556,0.8378222584724426,True
configurational,prevalence,0.3,extrap,0,42,2,-0.019086893588623897,0.47524444444444447,0.5534666776657104,False
configurational,prevalence,0.3,extrap,1,55838,0,0.24159251582629646,0.6284000000000001,0.6522444486618042,True
configurational,prevalence,0.3,extrap,1,55838,1,0.01407038168654835,0.5352,0.493066668510437,False
configurational,prevalence,0.3,extrap,1,55838,2,0.04062312706210771,0.5507555555555556,0.5461333394050598,False
configurational,prevalence,0.3,extrap,2,63757,0,0.8129167686122665,0.8987555555555555,0.9215111136436462,True
configurational,prevalence,0.3,extrap,2,63757,1,0.8517371139387283,0.9342666666666667,0.914733350276947,True
configurational,prevalence,0.3,extrap,2,63757,2,0.7540091283246669,0.8651555555555557,0.8974666595458984,True
configurational,prevalence,0.5,extrap,0,42,0,0.005660951788353204,0.49524444444444443,0.5981555581092834,True
configurational,prevalence,0.5,extrap,0,42,1,0.5890283225369172,0.7343555555555557,0.8289777636528015,True
configurational,prevalence,0.5,extrap,0,42,2,0.26233313703485595,0.5873333333333334,0.6118666529655457,True
configurational,prevalence,0.5,extrap,1,55838,0,0.029421660240669344,0.48115555555555556,0.5307333469390869,False
configurational,prevalence,0.5,extrap,1,55838,1,0.5917336859298437,0.7536444444444445,0.7424222230911255,True
configurational,prevalence,0.5,extrap,1,55838,2,-0.1318143534928166,0.44657777777777785,0.5247777700424194,False
configurational,prevalence,0.5,extrap,2,63757,0,0.8065494061045123,0.8421333333333333,0.8975333571434021,True
configurational,prevalence,0.5,extrap,2,63757,1,0.05886488281701865,0.5118,0.5657999515533447,False
configurational,prevalence,0.5,extrap,2,63757,2,0.8220753563928488,0.8530222222222221,0.8854222297668457,True
configurational,prevalence,0.7,extrap,0,42,0,0.8336328181424237,0.8735555555555556,0.8019777536392212,True
configurational,prevalence,0.7,extrap,0,42,1,0.7750508338981543,0.8558666666666668,0.772599995136261,True
configurational,prevalence,0.7,extrap,0,42,2,0.8019911332348136,0.8664444444444444,0.7911777496337891,True
configurational,prevalence,0.7,extrap,1,55838,0,0.6535605951177235,0.8043555555555556,0.7788888812065125,True
configurational,prevalence,0.7,extrap,1,55838,1,0.4918916876854187,0.7283111111111111,0.6873555183410645,True
configurational,prevalence,0.7,extrap,1,55838,2,0.6195277725308058,0.7773333333333333,0.74637770652771,True
configurational,prevalence,0.7,extrap,2,63757,0,0.8484476494183268,0.8668444444444444,0.9065555334091187,True
configurational,prevalence,0.7,extrap,2,63757,1,0.8007435638173758,0.8488888888888889,0.8822000026702881,True
configurational,prevalence,0.7,extrap,2,63757,2,0.7974226380293113,0.8318222222222224,0.8807333111763,True
configurational,prevalence,0.05,random,0,42,0,0.052758808431204784,0.5368,0.5802000164985657,True
configurational,prevalence,0.05,random,0,42,1,0.6586113179035321,0.7771555555555556,0.7084222435951233,True
configurational,prevalence,0.05,random,0,42,2,0.12844498272203023,0.5346222222222222,0.6191333532333374,True
configurational,prevalence,0.05,random,1,55838,0,0.04120223558039533,0.5185777777777778,0.5575110912322998,False
configurational,prevalence,0.05,random,1,55838,1,-0.046461849576106405,0.48560000000000003,0.5358444452285767,False
configurational,prevalence,0.05,random,1,55838,2,0.17612773475260834,0.5359555555555555,0.5823777914047241,True
configurational,prevalence,0.05,random,2,63757,0,0.0718536872631918,0.5154666666666666,0.5201333165168762,False
configurational,prevalence,0.05,random,2,63757,1,0.7867860754008377,0.8269777777777778,0.8614221811294556,True
configurational,prevalence,0.05,random,2,63757,2,-0.023512708309282284,0.5106444444444445,0.5621777772903442,False
configurational,prevalence,0.1,random,0,42,0,0.0023542483805375617,0.5285777777777778,0.5305777788162231,False
configurational,prevalence,0.1,random,0,42,1,-0.023382037578195316,0.4964,0.5569777488708496,False
configurational,prevalence,0.1,random,0,42,2,0.0895076611962355,0.512,0.5469555258750916,False
configurational,prevalence,0.1,random,1,55838,0,0.12936278507125548,0.5336444444444445,0.446911096572876,False
configurational,prevalence,0.1,random,1,55838,1,0.14144892070455545,0.5578222222222221,0.5811110734939575,True
configurational,prevalence,0.1,random,1,55838,2,0.10286982109465957,0.5198222222222222,0.48215556144714355,False
configurational,prevalence,0.1,random,2,63757,0,0.7663183775729084,0.8491555555555556,0.8292222023010254,True
configurational,prevalence,0.1,random,2,63757,1,0.005156502311859309,0.5242666666666667,0.5408889055252075,False
configurational,prevalence,0.1,random,2,63757,2,0.8142249151907199,0.8663555555555555,0.8680000305175781,True
configurational,prevalence,0.2,random,0,42,0,0.14767499057489514,0.5447111111111111,0.6136444807052612,True
configurational,prevalence,0.2,random,0,42,1,0.6232194383514787,0.7845777777777778,0.7965333461761475,True
configurational,prevalence,0.2,random,0,42,2,0.6335124427507502,0.7879555555555556,0.8290221691131592,True
configurational,prevalence,0.2,random,1,55838,0,0.2737844058027779,0.5779555555555556,0.6232888698577881,True
configurational,prevalence,0.2,random,1,55838,1,-0.1901299325836804,0.43799999999999994,0.5205999612808228,False
configurational,prevalence,0.2,random,1,55838,2,0.04559051162685298,0.49417777777777777,0.5477777719497681,False
configurational,prevalence,0.2,random,2,63757,0,0.79349934927048,0.8230666666666666,0.8823111057281494,True
configurational,prevalence,0.2,random,2,63757,1,0.7855757047940253,0.8243999999999999,0.8790666460990906,True
configurational,prevalence,0.2,random,2,63757,2,0.8101253136285246,0.8375555555555555,0.8826667070388794,True
configurational,prevalence,0.3,random,0,42,0,0.7031027792645271,0.8600444444444445,0.8024222254753113,True
configurational,prevalence,0.3,random,0,42,1,0.7111922033791757,0.851911111111111,0.7754666805267334,True
configurational,prevalence,0.3,random,0,42,2,-0.05881377113232085,0.48302222222222224,0.5209110975265503,False
configurational,prevalence,0.3,random,1,55838,0,0.17152857253969486,0.5493333333333333,0.5748889446258545,True
configurational,prevalence,0.3,random,1,55838,1,0.03142346026066956,0.4761777777777778,0.5786443948745728,True
configurational,prevalence,0.3,random,1,55838,2,0.1619449104990055,0.4873333333333333,0.5447555780410767,False
configurational,prevalence,0.3,random,2,63757,0,0.8340714896832186,0.9082222222222223,0.911799967288971,True
configurational,prevalence,0.3,random,2,63757,1,0.8308065645173834,0.8978222222222223,0.8952444195747375,True
configurational,prevalence,0.3,random,2,63757,2,0.8606673407482306,0.9322666666666667,0.9130222201347351,True
configurational,prevalence,0.5,random,0,42,0,0.09707288872306041,0.5293555555555556,0.5471556186676025,False
configurational,prevalence,0.5,random,0,42,1,0.7390443758362777,0.8223555555555556,0.834755539894104,True
configurational,prevalence,0.5,random,0,42,2,0.7628795348569694,0.8375111111111111,0.8290888667106628,True
configurational,prevalence,0.5,random,1,55838,0,-0.09318636873743043,0.47733333333333333,0.5288666486740112,False
configurational,prevalence,0.5,random,1,55838,1,0.5106816742408249,0.7457333333333332,0.729888916015625,True
configurational,prevalence,0.5,random,1,55838,2,0.49536417071300787,0.7197777777777777,0.6835556030273438,True
configurational,prevalence,0.5,random,2,63757,0,0.8486895241824431,0.8878222222222222,0.8713555335998535,True
configurational,prevalence,0.5,random,2,63757,1,0.8622896768063785,0.8857333333333335,0.8782444596290588,True
configurational,prevalence,0.5,random,2,63757,2,0.8384102977155684,0.8732,0.8767555356025696,True
configurational,prevalence,0.7,random,0,42,0,0.7539799331103678,0.8283111111111111,0.837755560874939,True
configurational,prevalence,0.7,random,0,42,1,-0.10608873431927021,0.47506666666666664,0.5446222424507141,False
configurational,prevalence,0.7,random,0,42,2,0.7682734252602805,0.8304,0.8390666246414185,True
configurational,prevalence,0.7,random,1,55838,0,0.7368099645551617,0.8681333333333333,0.8064888715744019,True
configurational,prevalence,0.7,random,1,55838,1,0.6463987377637528,0.8188888888888889,0.7738000154495239,True
configurational,prevalence,0.7,random,1,55838,2,0.6638180424226936,0.8311999999999999,0.7567111253738403,True
configurational,prevalence,0.7,random,2,63757,0,0.8906556739519328,0.9114666666666666,0.8873555064201355,True
configurational,prevalence,0.7,random,2,63757,1,0.8430351448349425,0.8926222222222221,0.8820888996124268,True
configurational,prevalence,0.7,random,2,63757,2,0.8854498383315369,0.9134222222222222,0.8829333782196045,True
configurational,resolution,100.0,extrap,0,42,0,0.5629686025330649,0.7537333333333334,0.7811333537101746,True
configurational,resolution,100.0,extrap,0,42,1,0.21575200074490267,0.5851999999999999,0.633222222328186,True
configurational,resolution,100.0,extrap,0,42,2,0.028350321303642137,0.5046666666666666,0.588355541229248,True
configurational,resolution,100.0,extrap,1,55838,0,0.05161880723537216,0.5338666666666667,0.5234667062759399,False
configurational,resolution,100.0,extrap,1,55838,1,-0.030066785201344134,0.4587555555555556,0.4616888761520386,False
configurational,resolution,100.0,extrap,1,55838,2,0.009524553447667294,0.5209777777777778,0.5787333250045776,True
configurational,resolution,100.0,extrap,2,63757,0,0.08411872177676712,0.5193333333333333,0.5910888910293579,True
configurational,resolution,100.0,extrap,2,63757,1,0.7226683321668431,0.8455111111111111,0.8897777795791626,True
configurational,resolution,100.0,extrap,2,63757,2,0.7522297750230355,0.8561777777777778,0.900244414806366,True
configurational,resolution,200.0,extrap,0,42,0,0.4566222861636988,0.7287555555555556,0.6875555515289307,True
configurational,resolution,200.0,extrap,0,42,1,0.5128422566566992,0.7311555555555556,0.7162222266197205,True
configurational,resolution,200.0,extrap,0,42,2,0.01261125403865719,0.49324444444444443,0.5755555629730225,True
configurational,resolution,200.0,extrap,1,55838,0,0.06374072239485537,0.5229777777777778,0.49399998784065247,False
configurational,resolution,200.0,extrap,1,55838,1,0.26148651906944476,0.5942666666666666,0.6145333051681519,True
configurational,resolution,200.0,extrap,1,55838,2,-0.05336660482152262,0.46124444444444446,0.578511118888855,True
configurational,resolution,200.0,extrap,2,63757,0,0.6185069410223419,0.7866666666666666,0.8788222670555115,True
configurational,resolution,200.0,extrap,2,63757,1,0.6264843638800874,0.7811111111111111,0.8459110856056213,True
configurational,resolution,200.0,extrap,2,63757,2,0.7063339266362921,0.8178222222222222,0.8786222338676453,True
configurational,resolution,400.0,extrap,0,42,0,-0.04680341932764242,0.48488888888888887,0.48544442653656006,False
configurational,resolution,400.0,extrap,0,42,1,0.24885104253404375,0.5630222222222223,0.6185111403465271,True
configurational,resolution,400.0,extrap,0,42,2,-0.018291985086942547,0.48186666666666667,0.5461333990097046,False
configurational,resolution,400.0,extrap,1,55838,0,0.017534643170400807,0.49582222222222216,0.468999981880188,False
configurational,resolution,400.0,extrap,1,55838,1,-0.0189319923403581,0.5310222222222223,0.4978000223636627,False
configurational,resolution,400.0,extrap,1,55838,2,0.04720497943421253,0.5261777777777779,0.5432888269424438,False
configurational,resolution,400.0,extrap,2,63757,0,0.047517871869214516,0.5516666666666667,0.4974444508552551,False
configurational,resolution,400.0,extrap,2,63757,1,0.33667955607057576,0.6547555555555555,0.7836222052574158,True
configurational,resolution,400.0,extrap,2,63757,2,0.09947822747788675,0.5112000000000001,0.5736666917800903,True
configurational,resolution,100.0,random,0,42,0,0.5993010808901813,0.7437777777777779,0.8264666795730591,True
configurational,resolution,100.0,random,0,42,1,0.6140925835040453,0.7580888888888889,0.8172444701194763,True
configurational,resolution,100.0,random,0,42,2,-0.02686630746996476,0.5094666666666666,0.5568666458129883,False
configurational,resolution,100.0,random,1,55838,0,-0.01976866629281074,0.5111111111111111,0.5108000040054321,False
configurational,resolution,100.0,random,1,55838,1,-0.015470395834442237,0.5012888888888889,0.5186666250228882,False
configurational,resolution,100.0,random,1,55838,2,0.3723010669341979,0.6237777777777778,0.6460888981819153,True
configurational,resolution,100.0,random,2,63757,0,0.8151072789697662,0.9025777777777777,0.8968444466590881,True
configurational,resolution,100.0,random,2,63757,1,0.028898098867765194,0.5152,0.5362443923950195,False
configurational,resolution,100.0,random,2,63757,2,0.7370175224169156,0.8495555555555555,0.805911123752594,True
configurational,resolution,200.0,random,0,42,0,0.4797423792739228,0.6951555555555555,0.7707110643386841,True
configurational,resolution,200.0,random,0,42,1,0.5074733633062971,0.7076444444444444,0.7623777985572815,True
configurational,resolution,200.0,random,0,42,2,0.06260449425143769,0.541511111111111,0.56977778673172,True
configurational,resolution,200.0,random,1,55838,0,-0.013155480967064266,0.5195555555555555,0.5214666724205017,False
configurational,resolution,200.0,random,1,55838,1,0.0170557469589382,0.46742222222222224,0.50528883934021,False
configurational,resolution,200.0,random,1,55838,2,0.0038151539256162997,0.4927999999999999,0.5285778045654297,False
configurational,resolution,200.0,random,2,63757,0,0.7239991555461727,0.8342666666666667,0.8276666402816772,True
configurational,resolution,200.0,random,2,63757,1,0.008348093684162507,0.5045555555555555,0.5350444316864014,False
configurational,resolution,200.0,random,2,63757,2,0.76676718630207,0.8729333333333333,0.8391555547714233,True
configurational,resolution,400.0,random,0,42,0,0.10575032136479481,0.5513777777777776,0.4925999939441681,False
configurational,resolution,400.0,random,0,42,1,0.005929845641567117,0.4913777777777778,0.5431333780288696,False
configurational,resolution,400.0,random,0,42,2,0.3133326970297723,0.6325777777777778,0.6759111285209656,True
configurational,resolution,400.0,random,1,55838,0,-0.037885091821586225,0.48644444444444446,0.5295111536979675,False
configurational,resolution,400.0,random,1,55838,1,0.05611485195556118,0.48995555555555553,0.5152444839477539,False
configurational,resolution,400.0,random,1,55838,2,0.10035179283678688,0.5412444444444444,0.5066666603088379,False
configurational,resolution,400.0,random,2,63757,0,0.5408148979433104,0.7368444444444445,0.7283333539962769,True
configurational,resolution,400.0,random,2,63757,1,-0.025597173301925576,0.4991555555555555,0.5467555522918701,False
configurational,resolution,400.0,random,2,63757,2,-0.009296992188802098,0.4973777777777778,0.5430889129638672,False
configurational,patch size,8.0,extrap,0,42,0,-0.03996888854320603,0.47373333333333334,0.5054888725280762,False
configurational,patch size,8.0,extrap,0,42,1,0.01947866303832977,0.5361777777777779,0.496444433927536,False
configurational,patch size,8.0,extrap,0,42,2,0.1034953721708019,0.5512888888888889,0.5022666454315186,False
configurational,patch size,8.0,extrap,1,55838,0,0.052738369619481605,0.5197777777777778,0.575844407081604,True
configurational,patch size,8.0,extrap,1,55838,1,0.033995937065516166,0.5281333333333333,0.5562666654586792,False
configurational,patch size,8.0,extrap,1,55838,2,-0.015715731920991655,0.5037777777777778,0.5447555184364319,False
configurational,patch size,8.0,extrap,2,63757,0,0.04884543161590685,0.4608444444444444,0.48553332686424255,False
configurational,patch size,8.0,extrap,2,63757,1,0.05359081767575195,0.5621333333333333,0.5399333238601685,False
configurational,patch size,8.0,extrap,2,63757,2,-0.017056633962599585,0.5221777777777777,0.5527777671813965,False
configurational,patch size,16.0,extrap,0,42,0,0.14025712955223252,0.5649333333333334,0.6420666575431824,True
configurational,patch size,16.0,extrap,0,42,1,0.1522219304905542,0.5705333333333333,0.5591333508491516,False
configurational,patch size,16.0,extrap,0,42,2,-0.0722256994217384,0.4862666666666667,0.507888913154602,False
configurational,patch size,16.0,extrap,1,55838,0,-0.03635685244912215,0.49240000000000006,0.5310666561126709,False
configurational,patch size,16.0,extrap,1,55838,1,-0.052406365893662016,0.4464,0.5867111086845398,True
configurational,patch size,16.0,extrap,1,55838,2,0.0017231304484639322,0.4989333333333334,0.5507777333259583,False
configurational,patch size,16.0,extrap,2,63757,0,-0.05463905761609136,0.44537777777777776,0.5773999691009521,True
configurational,patch size,16.0,extrap,2,63757,1,-0.006149180118576924,0.4799555555555556,0.4649111330509186,False
configurational,patch size,16.0,extrap,2,63757,2,0.23418285027421007,0.6141333333333333,0.6263333559036255,True
configurational,patch size,32.0,extrap,0,42,0,0.006116956855076167,0.46257777777777775,0.5413333773612976,False
configurational,patch size,32.0,extrap,0,42,1,0.5827255858398427,0.7509333333333335,0.8104666471481323,True
configurational,patch size,32.0,extrap,0,42,2,0.11396704407826753,0.5132444444444444,0.5348222255706787,False
configurational,patch size,32.0,extrap,1,55838,0,-0.16399921021318456,0.3701333333333333,0.5180444717407227,False
configurational,patch size,32.0,extrap,1,55838,1,-0.09814154581068137,0.47262222222222217,0.5202666521072388,False
configurational,patch size,32.0,extrap,1,55838,2,0.01930821668109843,0.5132,0.5338666439056396,False
configurational,patch size,32.0,extrap,2,63757,0,0.7726232513694596,0.842488888888889,0.8378888964653015,True
configurational,patch size,32.0,extrap,2,63757,1,0.6190797675529727,0.7542666666666668,0.7439999580383301,True
configurational,patch size,32.0,extrap,2,63757,2,0.7974808608984543,0.8484,0.8369110822677612,True
configurational,patch size,64.0,extrap,0,42,0,-0.042756030622562474,0.5226222222222222,0.5420888662338257,False
configurational,patch size,64.0,extrap,0,42,1,0.10769675218613538,0.5592444444444444,0.5875111818313599,True
configurational,patch size,64.0,extrap,0,42,2,0.02156779519772442,0.5029333333333333,0.5581777691841125,False
configurational,patch size,64.0,extrap,1,55838,0,0.05209393836386916,0.5203368361793957,0.5332513451576233,False
configurational,patch size,64.0,extrap,1,55838,1,-0.020596385173417497,0.4707262150497279,0.5645977854728699,False
configurational,patch size,64.0,extrap,1,55838,2,-0.08107019071851657,0.46293863764308496,0.5104889869689941,False
configurational,patch size,64.0,extrap,2,63757,0,0.21518088316112555,0.5736,0.600921630859375,True
configurational,patch size,64.0,extrap,2,63757,1,0.015936847284269612,0.49826666666666664,0.56109619140625,False
configurational,patch size,64.0,extrap,2,63757,2,0.0009635664759756403,0.4900444444444445,0.585205078125,True
configurational,patch size,8.0,random,0,42,0,0.010464117430651232,0.49706666666666677,0.49604445695877075,False
configurational,patch size,8.0,random,0,42,1,0.041570022063581194,0.5313333333333334,0.5316222310066223,False
configurational,patch size,8.0,random,0,42,2,0.17049969116320185,0.5894222222222222,0.5260888934135437,False
configurational,patch size,8.0,random,1,55838,0,0.05716908600863223,0.5321777777777779,0.5116444230079651,False
configurational,patch size,8.0,random,1,55838,1,0.04481229062954859,0.5151777777777777,0.510200023651123,False
configurational,patch size,8.0,random,1,55838,2,0.1059100774353141,0.5599555555555555,0.518155574798584,False
configurational,patch size,8.0,random,2,63757,0,0.10202447827470126,0.5358222222222222,0.5775777697563171,True
configurational,patch size,8.0,random,2,63757,1,0.06714653131107401,0.5285777777777778,0.5316444635391235,False
configurational,patch size,8.0,random,2,63757,2,0.1646938482309645,0.5699555555555557,0.6050666570663452,True
configurational,patch size,16.0,random,0,42,0,0.05881265347392748,0.5613777777777778,0.6489332914352417,True
configurational,patch size,16.0,random,0,42,1,0.07882087578750874,0.5263111111111112,0.607711136341095,True
configurational,patch size,16.0,random,0,42,2,0.05828686985410948,0.5255555555555556,0.6140888929367065,True
configurational,patch size,16.0,random,1,55838,0,0.07350438860529489,0.5087111111111111,0.5506222248077393,False
configurational,patch size,16.0,random,1,55838,1,0.07255549702402195,0.5736444444444444,0.524399995803833,False
configurational,patch size,16.0,random,1,55838,2,0.02018978437311228,0.5643555555555555,0.4724888801574707,False
configurational,patch size,16.0,random,2,63757,0,0.021703352259469545,0.5250222222222223,0.5518444180488586,False
configurational,patch size,16.0,random,2,63757,1,-0.04503806098268463,0.47868888888888894,0.5255555510520935,False
configurational,patch size,16.0,random,2,63757,2,0.016859298436649295,0.5112888888888889,0.5223777890205383,False
configurational,patch size,32.0,random,0,42,0,0.02385315657431281,0.503511111111111,0.5382221937179565,False
configurational,patch size,32.0,random,0,42,1,0.6883885376504183,0.7963555555555555,0.7876889109611511,True
configurational,patch size,32.0,random,0,42,2,0.06204780742539482,0.5242444444444444,0.522777795791626,False
configurational,patch size,32.0,random,1,55838,0,0.2614135712619029,0.6195111111111111,0.6387777924537659,True
configurational,patch size,32.0,random,1,55838,1,0.10055800620006888,0.5364444444444445,0.5430000424385071,False
configurational,patch size,32.0,random,1,55838,2,0.07381193124368048,0.4888444444444444,0.5935111045837402,True
configurational,patch size,32.0,random,2,63757,0,0.8266002955588395,0.8758666666666667,0.8503111004829407,True
configurational,patch size,32.0,random,2,63757,1,0.8352390582117578,0.8701333333333333,0.8442443609237671,True
configurational,patch size,32.0,random,2,63757,2,0.8241762686252069,0.8694222222222223,0.8414222002029419,True
configurational,patch size,64.0,random,0,42,0,0.12156412725419992,0.5381963596249311,0.5818177461624146,True
configurational,patch size,64.0,random,0,42,1,0.03782147765198614,0.538931788931789,0.537114143371582,False
configurational,patch size,64.0,random,0,42,2,-0.11530518758121666,0.44727891156462585,0.5129575729370117,False
configurational,patch size,64.0,random,1,55838,0,0.09075879629315896,0.5224888888888889,0.541866660118103,False
configurational,patch size,64.0,random,1,55838,1,0.13187525771122624,0.5097333333333334,0.538266658782959,False
configurational,patch size,64.0,random,1,55838,2,0.10866833061126642,0.5244888888888889,0.4979333281517029,False
configurational,patch size,64.0,random,2,63757,0,0.23753561010767035,0.59031648559282,0.579522967338562,True
configurational,patch size,64.0,random,2,63757,1,0.13910367228474452,0.5806802078412848,0.5280821919441223,False
configurational,patch size,64.0,random,2,63757,2,0.09554465811861758,0.49763816721776094,0.531908392906189,False
